<?xml version="1.0"?>
<config xmlns:xsi="http://www.w3.org/2001/XMLSchema-instance"
        xsi:noNamespaceSchemaLocation="urn:magento:framework:ObjectManager/etc/config.xsd">

    <type name="Magento\Checkout\Model\CompositeConfigProvider">
        <arguments>
            <argument name="configProviders" xsi:type="array">
                <item name="mageants_Orderattachment_config_provider" xsi:type="object">Mageants\Orderattachment\Model\AttachmentConfigProvider</item>
            </argument>
        </arguments>
    </type>

    <type name="Magento\Checkout\Block\Onepage">
        <arguments>
            <argument name="layoutProcessors" xsi:type="array">
                <item name="mageants_Orderattachment_layout_processor" xsi:type="object">Mageants\Orderattachment\Block\Checkout\LayoutProcessor</item>
            </argument>
        </arguments>
    </type>
</config>
