<?xml version="1.0" ?>
<config xmlns:xsi="http://www.w3.org/2001/XMLSchema-instance" xsi:noNamespaceSchemaLocation="urn:magento:framework:Acl/etc/acl.xsd">
    <acl>
        <resources>
            <resource id="Magento_Backend::admin">
                <resource id="Mageants_Orderattachment::Orderattachments" sortOrder="100" title="OrderAttachment">
                    <resource id="Mageants_Orderattachment::upload" sortOrder="10" title="Upload images"/>
                    <resource id="Mageants_Orderattachment::update" sortOrder="20" title="Update uploaded image"/>
                    <resource id="Mageants_Orderattachment::delete" sortOrder="30" title="Delete uploaded image"/>
                    <resource id="Mageants_Orderattachment::orderattachment_attachment" sortOrder="40" title="General Attachment"/>
                </resource>
            </resource>
        </resources>
    </acl>
</config>
