<?xml version="1.0"?>
<!--
/**
 * Copyright © MageWorx. All rights reserved.
 * See LICENSE.txt for license details.
 */
 -->
<config xmlns:xsi="http://www.w3.org/2001/XMLSchema-instance" xsi:noNamespaceSchemaLocation="urn:magento:framework:Acl/etc/acl.xsd">
    <acl>
        <resources>
            <resource id="Magento_Backend::admin">
                <resource id="Magento_Backend::marketing">
                    <resource id="MageWorx_GiftCards::mageworx_giftcards" title="MageWorx Gift Cards" sortOrder="45" >
                        <resource id="MageWorx_GiftCards::mageworx_giftcards_giftcards" title="Gift Cards List" translate="title" sortOrder="10" />
                        <resource id="MageWorx_GiftCards::mageworx_giftcards_generate" title="Gift Cards Generate" translate="title" sortOrder="20" />
                    </resource>
                </resource>
                <resource id="Magento_Backend::stores">
                    <resource id="Magento_Backend::stores_settings">
                        <resource id="Magento_Config::config">
                            <resource id="MageWorx_GiftCards::config_giftcards" title="MageWorx Gift Cards" translate="title" sortOrder="90"/>
                        </resource>
                    </resource>
                </resource>
                <resource id="Magento_Backend::system">
                    <resource id="Magento_Backend::convert">
                        <resource id="MageWorx_GiftCards::import_export" title="Import/Export Gift Cards by MageWorx" translate="title" sortOrder="40" />
                    </resource>
                </resource>
            </resource>
        </resources>
    </acl>
</config>