<?xml version="1.0"?>
<!--
/**
 * Copyright © MageWorx. All rights reserved.
 * See LICENSE.txt for license details.
 */
-->
<config xmlns:xsi="http://www.w3.org/2001/XMLSchema-instance"
        xsi:noNamespaceSchemaLocation="urn:magento:framework:DataObject/etc/fieldset.xsd">
    <scope id="global">
        <fieldset id="sales_convert_quote_address">
            <field name="mageworx_giftcards_amount">
                <aspect name="to_order" />
            </field>
            <field name="base_mageworx_giftcards_amount">
                <aspect name="to_order" />
            </field>
            <field name="mageworx_giftcards_description">
                <aspect name="to_order" />
            </field>
        </fieldset>
    </scope>
</config>
