<?xml version="1.0"?>
<!--
/**
 * Copyright © MageWorx. All rights reserved.
 * See LICENSE.txt for license details.
 */
-->
<config xmlns:xsi="http://www.w3.org/2001/XMLSchema-instance" xsi:noNamespaceSchemaLocation="urn:magento:module:Magento_Sales:etc/pdf_file.xsd">
    <totals>
        <total name="mageworx_giftcards">
            <title translate="true">Gift Cards</title>
            <source_field>mageworx_giftcards_amount</source_field>
            <model>MageWorx\GiftCards\Model\Total\Pdf\GiftCards</model>
            <font_size>7</font_size>
            <display_zero>false</display_zero>
            <sort_order>450</sort_order>
        </total>
    </totals>
</config>