<?xml version="1.0"?>
<config xmlns:xsi="http://www.w3.org/2001/XMLSchema-instance" xsi:noNamespaceSchemaLocation="urn:magento:framework:ObjectManager/etc/config.xsd">
    <preference for="Magento\Catalog\Model\Config\Source\Price\Scope" type="Mageants\StoreViewPricing\Model\Config\Source\Price\Scope" /> 
    <preference for="Magento\Directory\Block\Adminhtml\Frontend\Currency\Base" type="Mageants\StoreViewPricing\Block\Adminhtml\Frontend\Currency\Base" /> 

    <type name="Magento\Catalog\Model\Product">
    	<plugin name="change_price" type="Mageants\StoreViewPricing\Plugin\Price" />
    </type>
   <type name="Magento\ImportExport\Controller\Adminhtml\Import\Download">
	    <plugin name="sample_file_download" type="Mageants\StoreViewPricing\Plugin\Download" sortOrder="1" />
	</type>

	<preference for="Magento\Catalog\Pricing\Price\TierPrice" type="Mageants\StoreViewPricing\Pricing\Price\TierPrice" /> 
	<preference for="Magento\Catalog\Ui\Component\Listing\Columns\Price" type="Mageants\StoreViewPricing\Ui\Component\Listing\Columns\Column\Price" /> 
     
     <type name="Magento\Catalog\Controller\Adminhtml\Product\Initialization\Helper">
        <plugin name="data_initilization" type="Mageants\StoreViewPricing\Plugin\Initialization" sortOrder="1" />
    </type> 
</config>
