<?xml version="1.0"?>
<routes xmlns:xsi="http://www.w3.org/2001/XMLSchema-instance" xsi:noNamespaceSchemaLocation="../../../../../app/code/Magento/Webapi/etc/webapi.xsd">

    <route url="/V1/get/order/:id" method="POST">
        <service class="Mageants\Shippingtracker\Api\OrderStatusInterface" method="GetStatusOfOrder"/>
        <resources>
            <resource ref="anonymous"/>
        </resources>
    </route>
<!-- <route url="/V1/get/order/" method="GET">
        <service class="Mageants\Shippingtracker\Api\OrderStatusInterface" method="GetOrder"/>
        <resources>
            <resource ref="anonymous"/>
        </resources>
    </route> -->



</routes>