<?xml version="1.0"?>
<routes xmlns:xsi="http://www.w3.org/2001/XMLSchema-instance"
        xsi:noNamespaceSchemaLocation="urn:magento:module:Magento_Webapi:etc/webapi.xsd">
    
    <route url="/V1/reorder/:orderId" method="POST">
        <service class="Mageants\Reorder\Api\ReorderRepositoryInterface" method="reorderItem"/>
        <resources>
            <resource ref="self" />
        </resources>
        <data>
            <parameter name="customerId" force="true">%customer_id%</parameter>
        </data>
    </route>
    
    <route url="/V1/singleitemreorder/items/:orderId" method="POST">
        <service class="Mageants\Reorder\Api\SingleItemReorderRepositoryInterface" method="save"/>
        <resources>
            <resource ref="self" />
        </resources>
        <data>
            <parameter name="customerId" force="true">%customer_id%</parameter>
        </data>
    </route>

    <route url="/V1/reorder/" method="POST">
        <service class="Mageants\Reorder\Api\AllOrderInterface" method="reorderItem"/>
        <resources>
            <resource ref="self" />
        </resources>
        <data>
            <parameter name="customerId" force="true">%customer_id%</parameter>
        </data>
    </route>

</routes>
