<?xml version="1.0"?>
<!--
/**
 * Copyright © MageWorx. All rights reserved.
 * See LICENSE.txt for license details.
 */
-->
<config xmlns:xsi="http://www.w3.org/2001/XMLSchema-instance" xsi:noNamespaceSchemaLocation="urn:magento:framework:ObjectManager/etc/config.xsd">
    <virtualType name="Magento\Catalog\Ui\DataProvider\Product\Form\Modifier\Pool">
        <arguments>
            <argument name="modifiers" xsi:type="array">
                <item name="productFormModifier" xsi:type="array">
                    <item name="class" xsi:type="string">MageWorx\GiftCards\Ui\DataProvider\Product\Form\AdditionalPriceModifier</item>
                    <item name="sortOrder" xsi:type="number">20</item>
                </item>
            </argument>
        </arguments>
    </virtualType>
    <type name="Magento\Sales\Block\Adminhtml\Items\Column\DefaultColumn">
        <plugin name="mageworx_giftcards_show_in_admin" type="MageWorx\GiftCards\Plugin\Adminhtml\AddGiftCardDataToOrderPlugin"/>
    </type>
    <type name="Magento\Catalog\Controller\Adminhtml\Product\Initialization\Helper">
        <plugin name="mageworx_giftcards_check_additional_price_in_post_data" type="MageWorx\GiftCards\Plugin\Adminhtml\CheckAdditionalPriceInPostDataPlugin"/>
    </type>
</config>
