<?xml version="1.0"?>

<view xmlns:xsi="http://www.w3.org/2001/XMLSchema-instance" xsi:noNamespaceSchemaLocation="urn:magento:framework:Config/etc/view.xsd">
    <media>
		<images module="Magento_Catalog">
		    <image id="amp_category_page_grid" type="image">
		        <width>200</width>
		        <height>200</height>
		    </image>
		    <image id="product_page_image_medium" type="image">
		        <width>700</width> <!-- Image width in px -->
		        <height>560</height> <!-- Image height in px -->
		    </image>
		    <image id="product_page_image_large" type="image">
		        <width>700</width> <!-- Image width in px -->
		        <height>560</height> <!-- Image height in px -->
		    </image>
		</images>
    </media>
</view>

