<?xml version="1.0"?>
<config xmlns:xsi="http://www.w3.org/2001/XMLSchema-instance" xsi:noNamespaceSchemaLocation="urn:magento:module:Magento_Config:etc/system_file.xsd">
    <system>
        <tab id="mageants" translate="label" sortOrder="10">
            <label>Mageants Extension</label>
        </tab>
        <section id="reorder_section" translate="label" sortOrder="130" showInDefault="1" showInWebsite="1" showInStore="1">
            <class>separator-top</class>
            <label>Reorder Products</label>
            <tab>mageants</tab>
               <resource>Mageants_Reorder::config_reorder</resource>
                <group id="reorder_general" translate="label" type="text" sortOrder="10" showInDefault="1" showInWebsite="1" showInStore="1">
                <label>General Configuration</label>
                <field id="reorder_enable" translate="label" type="select" sortOrder="1" showInDefault="1" showInWebsite="1" showInStore="1">
                    <label>Module Enable</label>
                    <source_model>Magento\Config\Model\Config\Source\Yesno</source_model>
                </field> 
                <field id="allow_to_redirect_cart_page" translate="label" type="select" sortOrder="1" showInDefault="1" showInWebsite="1" showInStore="1">
                    <label>Redirect to Cart After Adding Products to Cart</label>
                    <source_model>Magento\Config\Model\Config\Source\Yesno</source_model>
                </field>
                <field id="reorder_multiselect" translate="label" type="multiselect" sortOrder="1" showInDefault="1" showInWebsite="1" showInStore="1">
                    <label>Default column(S) Displayed</label>
                    <source_model>Mageants\Reorder\Model\Config\Source\Selectcolumn</source_model>
                </field> 
                <field id="reorder_pagination" translate="label" type="select" sortOrder="1" showInDefault="1" showInWebsite="1" showInStore="1">
                    <label>Show pagination</label>
                    <source_model>Magento\Config\Model\Config\Source\Yesno</source_model>
                </field>  
                <field id="reorder_quickview_button" translate="label" type="select" sortOrder="1" showInDefault="1" showInWebsite="1" showInStore="1">
                    <label>Show Quickview On Image</label>
                    <source_model>Magento\Config\Model\Config\Source\Yesno</source_model>
                </field> 
                <field id="reorder_showhidecollumn" translate="label" type="select" sortOrder="1" showInDefault="1" showInWebsite="1" showInStore="1">
                    <label>Display show hide column(S)</label>
                    <source_model>Magento\Config\Model\Config\Source\Yesno</source_model>
                </field>
                <field id="reorder_searchbox" translate="label" type="select" sortOrder="1" showInDefault="1" showInWebsite="1" showInStore="1">
                    <label>Show Product search </label>
                    <source_model>Magento\Config\Model\Config\Source\Yesno</source_model>
                </field>
                <field id="reorder_product_sku" translate="label" type="select" sortOrder="1" showInDefault="1" showInWebsite="1" showInStore="1">
                    <label>Show SKU</label>
                    <source_model>Magento\Config\Model\Config\Source\Yesno</source_model>
                </field>                
            </group>
        </section>
    </system>
</config>