<?xml version="1.0"?>
<routes xmlns:xsi="http://www.w3.org/2001/XMLSchema-instance" xsi:noNamespaceSchemaLocation="../../../../../app/code/Magento/Webapi/etc/webapi.xsd">

    <!-- <route url="/V1/price/insert" method="POST">
        <service class="Mageants\StoreViewPricing\Api\CustomInterface" method="insert"/>
        <resources>
            <resource ref="anonymous"/>
        </resources>
    </route>
 -->
    <route url="/V1/get/products/:sku" method="POST">
        <service class="Mageants\StoreViewPricing\Api\CustomInterface" method="getList"/>
        <resources>
            <resource ref="anonymous"/>
        </resources>
    </route>



</routes>