<?xml version="1.0"?>
<config xmlns:xsi="http://www.w3.org/2001/XMLSchema-instance" xsi:noNamespaceSchemaLocation="urn:magento:framework:ObjectManager/etc/config.xsd">

    <virtualType name="Aheadworks\Affiliate\Ui\DataProvider\Campaign\FormDataProcessor\Composite" type="Aheadworks\Affiliate\Ui\DataProvider\FormDataProcessor\Composite">
        <arguments>
            <argument name="processors" xsi:type="array">
                <item name="recommendedProducts" xsi:type="object">Aheadworks\Affiliate\Ui\DataProvider\Campaign\FormDataProcessor\RecommendedProducts</item>
            </argument>
        </arguments>
    </virtualType>
    <type name="Aheadworks\Affiliate\Ui\DataProvider\Campaign\FormDataProvider">
        <arguments>
            <argument name="campaignFormDataProcessorComposite" xsi:type="object">Aheadworks\Affiliate\Ui\DataProvider\Campaign\FormDataProcessor\Composite</argument>
        </arguments>
    </type>

    <virtualType name="Aheadworks\Affiliate\Ui\DataProvider\Account\FormDataProcessor\Composite" type="Aheadworks\Affiliate\Ui\DataProvider\FormDataProcessor\Composite">
        <arguments>
            <argument name="processors" xsi:type="array">
                <item name="balance" xsi:type="object">Aheadworks\Affiliate\Ui\DataProvider\Account\FormDataProcessor\Balance</item>
            </argument>
        </arguments>
    </virtualType>
    <type name="Aheadworks\Affiliate\Ui\DataProvider\Account\FormDataProvider">
        <arguments>
            <argument name="accountFormDataProcessorComposite" xsi:type="object">Aheadworks\Affiliate\Ui\DataProvider\Account\FormDataProcessor\Composite</argument>
        </arguments>
    </type>

    <type name="Magento\Ui\Model\Export\MetadataProvider">
        <arguments>
            <argument name="data" xsi:type="array">
                <item name="aw_affiliate_transaction_listing" xsi:type="array">
                    <item name="created_at" xsi:type="const">Aheadworks\Affiliate\Api\Data\TransactionInterface::CREATED_AT</item>
                    <item name="holding_period_expiration" xsi:type="const">Aheadworks\Affiliate\Api\Data\TransactionInterface::HOLDING_PERIOD_EXPIRATION</item>
                </item>
            </argument>
        </arguments>
    </type>

    <virtualType name="Aheadworks\Affiliate\Ui\DataProvider\Campaign\RecommendedProduct\Listing\Modifier\Pool"
                 type="Magento\Catalog\Ui\DataProvider\Product\Listing\Modifier\Pool">
        <arguments>
            <argument name="modifiers" xsi:type="array">
                <item name="quantity" xsi:type="array">
                    <item name="class" xsi:type="string">Aheadworks\Affiliate\Ui\DataProvider\Campaign\RecommendedProduct\Listing\Modifier\Quantity</item>
                    <item name="sortOrder" xsi:type="number">301</item>
                </item>
            </argument>
        </arguments>
    </virtualType>

    <virtualType name="Aheadworks\Affiliate\Ui\DataProvider\Campaign\RecommendedProduct\Listing\DataProvider"
                 type="Magento\Catalog\Ui\DataProvider\Product\ProductDataProvider">
        <arguments>
            <argument name="modifiersPool" xsi:type="object">Aheadworks\Affiliate\Ui\DataProvider\Campaign\RecommendedProduct\Listing\Modifier\Pool</argument>
        </arguments>
    </virtualType>

    <virtualType name="Aheadworks\Affiliate\Controller\Adminhtml\Account\MassCreate\PostDataProcessorComposite"
                 type="Aheadworks\Affiliate\Model\PostData\ProcessorComposite">
        <arguments>
            <argument name="processors" xsi:type="array">
                <item name="customer_data" xsi:type="object">Aheadworks\Affiliate\Controller\Adminhtml\Account\PostDataProcessor\MassCreate\CustomerData</item>
            </argument>
        </arguments>
    </virtualType>
    <type name="Aheadworks\Affiliate\Controller\Adminhtml\Account\MassCreate">
        <arguments>
            <argument name="dataOperation" xsi:type="object">Aheadworks\Affiliate\Model\Data\Operation\Account\Create</argument>
            <argument name="postDataProcessorComposite" xsi:type="object">Aheadworks\Affiliate\Controller\Adminhtml\Account\MassCreate\PostDataProcessorComposite</argument>
        </arguments>
    </type>

</config>