<?xml version="1.0"?>
<config xmlns:xsi="http://www.w3.org/2001/XMLSchema-instance" xsi:noNamespaceSchemaLocation="urn:magento:module:Magento_Backend:etc/menu.xsd">
    <menu>
        <add id="Aheadworks_Affiliate::home"
             title="Affiliate by Aheadworks"
             translate="title"
             module="Aheadworks_Affiliate"
             sortOrder="100"
             parent="Magento_Backend::marketing"
             resource="Aheadworks_Affiliate::home"/>
        <add id="Aheadworks_Affiliate::campaigns"
             title="Campaigns"
             translate="title"
             module="Aheadworks_Affiliate"
             sortOrder="10"
             parent="Aheadworks_Affiliate::home"
             action="aw_affiliate/campaign/index/"
             resource="Aheadworks_Affiliate::campaigns"/>
        <add id="Aheadworks_Affiliate::signups"
             title="Signup Requests"
             translate="title"
             module="Aheadworks_Affiliate"
             sortOrder="20"
             parent="Aheadworks_Affiliate::home"
             action="aw_affiliate/signup/index/"
             resource="Aheadworks_Affiliate::signups"/>
        <add id="Aheadworks_Affiliate::accounts"
             title="Accounts"
             translate="title"
             module="Aheadworks_Affiliate"
             sortOrder="30"
             parent="Aheadworks_Affiliate::home"
             action="aw_affiliate/account/index/"
             resource="Aheadworks_Affiliate::accounts"/>
        <add id="Aheadworks_Affiliate::affiliate_groups"
             title="Affiliate Groups"
             translate="title"
             module="Aheadworks_Affiliate"
             sortOrder="40"
             parent="Aheadworks_Affiliate::home"
             action="aw_affiliate/group/index/"
             resource="Aheadworks_Affiliate::affiliate_groups"/>
        <add id="Aheadworks_Affiliate::transactions"
             title="Transactions"
             translate="title"
             module="Aheadworks_Affiliate"
             sortOrder="50"
             parent="Aheadworks_Affiliate::home"
             action="aw_affiliate/transaction/index/"
             resource="Aheadworks_Affiliate::transactions"/>
        <add id="Aheadworks_Affiliate::payouts"
             title="Payouts"
             translate="title"
             module="Aheadworks_Affiliate"
             sortOrder="60"
             parent="Aheadworks_Affiliate::home"
             action="aw_affiliate/payout/index/"
             resource="Aheadworks_Affiliate::payouts"/>
        <add id="Aheadworks_Affiliate::report_home"
             title="Affiliate Reports by Aheadworks"
             translate="title"
             module="Aheadworks_Affiliate"
             sortOrder="100"
             parent="Magento_Reports::report"
             resource="Aheadworks_Affiliate::report_home"/>
        <add id="Aheadworks_Affiliate::sales_by_affiliate_link"
             title="Sales by Affiliate Link"
             translate="title"
             module="Aheadworks_Affiliate"
             sortOrder="10"
             parent="Aheadworks_Affiliate::report_home"
             action="aw_affiliate/report/link/"
             resource="Aheadworks_Affiliate::sales_by_affiliate_link"/>
        <add id="Aheadworks_Affiliate::sales_by_coupon"
             title="Sales by Coupon"
             translate="title"
             module="Aheadworks_Affiliate"
             sortOrder="20"
             parent="Aheadworks_Affiliate::report_home"
             action="aw_affiliate/report/coupon/"
             resource="Aheadworks_Affiliate::sales_by_coupon"/>
    </menu>
</config>