<?xml version="1.0"?>
<config xmlns:xsi="http://www.w3.org/2001/XMLSchema-instance" xsi:noNamespaceSchemaLocation="urn:magento:module:Magento_Config:etc/system_file.xsd">
    <system>
        <tab id="aheadworks" translate="label" sortOrder="300">
            <label>Aheadworks Extensions</label>
        </tab>
        <section id="aw_affiliate" translate="label" type="text" sortOrder="120" showInDefault="1" showInWebsite="1" showInStore="1">
            <label>Affiliate</label>
            <tab>aheadworks</tab>
            <resource>Aheadworks_Affiliate::config_aw_affiliate</resource>
            <group id="signup_settings" translate="label" type="text" sortOrder="10" showInDefault="1" showInWebsite="1" showInStore="1">
                <label>Signup Settings</label>
                <field id="terms_conditions_cms_page" translate="label" type="select" sortOrder="10" showInDefault="1" showInWebsite="1" showInStore="1">
                    <label>Select Terms &amp; Conditions CMS Page</label>
                    <source_model>Magento\Cms\Model\Config\Source\Page</source_model>
                </field>
                <field id="admin_approval_needed" translate="label comment" type="select" sortOrder="20" showInDefault="1" showInWebsite="1" showInStore="0">
                    <label>Admin Approval Needed</label>
                    <source_model>Magento\Config\Model\Config\Source\Yesno</source_model>
                    <comment>If yes, admin has to approve affiliate requests manually</comment>
                </field>
            </group>
            <group id="commission_configuration" translate="label comment" type="text" sortOrder="20" showInDefault="1" showInWebsite="1" showInStore="0">
                <label>Commission Configuration</label>
                <field id="add_commission_when_order_item_obtains_status" translate="label" type="select" sortOrder="10" showInDefault="1" showInWebsite="1" showInStore="0">
                    <label>Add Commission When The Order Item Obtains Status</label>
                    <source_model>Aheadworks\Affiliate\Model\Source\Order\Item\Status::getAddingCommissionOptions</source_model>
                    <comment>Besides selected status, commissions are registered upon Shipped order item status due to specifics of Magento order processing.</comment>
                </field>
                <field id="deduct_commission_when_order_item_obtains_status" translate="label" type="multiselect" sortOrder="20" showInDefault="1" showInWebsite="1" showInStore="0">
                    <label>Deduct Commission When The Order Item Obtains Status</label>
                    <source_model>Aheadworks\Affiliate\Model\Source\Order\Item\Status::getDeductionCommissionOptions</source_model>
                </field>
                <field id="lifetime_attribution_customer_affiliate" translate="label comment" type="select" sortOrder="30" showInDefault="1" showInWebsite="1" showInStore="0">
                    <label>Lifetime attribution of a customer to affiliate</label>
                    <source_model>Magento\Config\Model\Config\Source\Yesno</source_model>
                </field>
            </group>
            <group id="payout_configuration" translate="label" type="text" sortOrder="30" showInDefault="1" showInWebsite="1" showInStore="0">
                <label>Payout Configuration</label>
                <field id="minimum_balance_for_payout" translate="label comment" type="text" sortOrder="10" showInDefault="1" showInWebsite="1" showInStore="0">
                    <label>Minimum Balance for a Payout</label>
                    <validate>validate-digits validate-zero-or-greater</validate>
                    <comment>Available commissions amount in base currency</comment>
                </field>
                <field id="allow_payout_request" translate="label comment" type="select" sortOrder="20" showInDefault="1" showInWebsite="1" showInStore="0">
                    <label>Allow Payout Requests</label>
                    <source_model>Magento\Config\Model\Config\Source\Yesno</source_model>
                    <comment>If enabled, affiliate will be able to request withdrawal if the available commissions amount reached its minimum allowed value</comment>
                </field>
                <field id="enable_payout_auto_generation" translate="label" type="select" sortOrder="30" showInDefault="1" showInWebsite="0" showInStore="0">
                    <label>Generate Payout by Schedule</label>
                    <source_model>Magento\Config\Model\Config\Source\Yesno</source_model>
                </field>
                <field id="payout_creation_period_days" translate="label" type="text" sortOrder="40" showInDefault="1" showInWebsite="0" showInStore="0">
                    <label>Payout Creation Period, days</label>
                    <validate>validate-digits validate-greater-than-zero</validate>
                    <depends>
                        <field id="enable_payout_auto_generation">1</field>
                    </depends>
                </field>
                <field id="enable_admin_payout_reminders" translate="label comment" type="select" sortOrder="50" showInDefault="1" showInWebsite="0" showInStore="0">
                    <label>Enable Admin Payout Reminders</label>
                    <source_model>Magento\Config\Model\Config\Source\Yesno</source_model>
                    <comment>You'll receive a reminder to initiate transactions once in a period</comment>
                    <depends>
                        <field id="enable_payout_auto_generation">1</field>
                    </depends>
                </field>
            </group>
            <group id="admin_email" translate="label" type="text" sortOrder="40" showInDefault="1" showInWebsite="1" showInStore="1">
                <label>Admin Email Configuration</label>
                <field id="admin_email" translate="label comment" type="text" sortOrder="10" showInDefault="1" showInWebsite="1" showInStore="1">
                    <label>Admin Email</label>
                    <validate>validate-email</validate>
                    <comment>Email address for admin notifications. Leave empty to disable admin notifications</comment>
                </field>
                <field id="sender" translate="label comment" type="select" sortOrder="20" showInDefault="1" showInWebsite="1" showInStore="1">
                    <label>Sender</label>
                    <comment>This will be used by default as "From" in outgoing emails</comment>
                    <source_model>Magento\Config\Model\Config\Source\Email\Identity</source_model>
                </field>
                <field id="new_signup_template" translate="label" type="select" sortOrder="30" showInDefault="1" showInWebsite="1" showInStore="1">
                    <label>New Signup Request Template</label>
                    <source_model>Magento\Config\Model\Config\Source\Email\Template</source_model>
                </field>
                <field id="new_payout_template" translate="label" type="select" sortOrder="40" showInDefault="1" showInWebsite="1" showInStore="1">
                    <label>New Payout Template</label>
                    <source_model>Magento\Config\Model\Config\Source\Email\Template</source_model>
                </field>
                <field id="payout_reminder_template" translate="label" type="select" sortOrder="50" showInDefault="1" showInWebsite="1" showInStore="1">
                    <label>Payout Reminder Template</label>
                    <source_model>Magento\Config\Model\Config\Source\Email\Template</source_model>
                </field>
            </group>
            <group id="affiliate_email" translate="label" type="text" sortOrder="50" showInDefault="1" showInWebsite="1" showInStore="1">
                <label>Affiliate Email Configuration</label>
                <field id="signup_approved_template" translate="label" type="select" sortOrder="10" showInDefault="1" showInWebsite="1" showInStore="1">
                    <label>Affiliate Confirmation Template</label>
                    <source_model>Magento\Config\Model\Config\Source\Email\Template</source_model>
                </field>
                <field id="signup_declined_template" translate="label" type="select" sortOrder="20" showInDefault="1" showInWebsite="1" showInStore="1">
                    <label>Affiliate Rejection Template</label>
                    <source_model>Magento\Config\Model\Config\Source\Email\Template</source_model>
                </field>
                <field id="payout_complete_template" translate="label" type="select" sortOrder="30" showInDefault="1" showInWebsite="1" showInStore="1">
                    <label>Payout Complete Template</label>
                    <source_model>Magento\Config\Model\Config\Source\Email\Template</source_model>
                </field>
                <field id="payout_canceled_template" translate="label" type="select" sortOrder="40" showInDefault="1" showInWebsite="1" showInStore="1">
                    <label>Payout Cancellation Template</label>
                    <source_model>Magento\Config\Model\Config\Source\Email\Template</source_model>
                </field>
            </group>
        </section>
    </system>
</config>
