<?xml version="1.0"?>
<config xmlns:xsi="http://www.w3.org/2001/XMLSchema-instance" xsi:noNamespaceSchemaLocation="urn:magento:framework:Acl/etc/acl.xsd">
    <acl>
        <resources>
            <resource id="Magento_Backend::admin">
                <resource id="Mageants_ProductLabels::title" title="Product Label title" sortOrder="20">
                    <resource id="Mageants_ProductLabels::productlabels" title="Product Label_Admin_Grid" sortOrder="30"/>
                    <resource id="Mageants_ProductLabels::addlabel" title="Product Label Addlabel" sortOrder="30"/>
                    <resource id="Mageants_ProductLabels::delete" title="Product Label Delete" sortOrder="30"/>
                    <resource id="Mageants_ProductLabels::save" title="Product Label Save" sortOrder="30"/>
                    <resource id="Mageants_ProductLabels::upload" title="Product Label Upload" sortOrder="30"/>
                    <resource id="Mageants_ProductLabels::uploadcatlabel" title="Product Label Uploadcatlabel" sortOrder="30"/>
                    <resource id="Mageants_ProductLabels::massdelete" title="Product Label massdelete" sortOrder="30"/>
                </resource>
                <resource id="Magento_Backend::stores">
                    <resource id="Magento_Backend::stores_settings">
                        <resource id="Magento_Config::config">
                        <resource id="Mageants_ProductLabels::mageants_productlabels" title="Product Label Configuration"/>
                </resource> 
            </resource>
        </resource>
    </resource>
        </resources>
    </acl>
</config>
