<?xml version="1.0"?>
<config xmlns:xsi="http://www.w3.org/2001/XMLSchema-instance" xsi:noNamespaceSchemaLocation="urn:magento:framework:ObjectManager/etc/config.xsd">
	
    <virtualType name="Mageants\ProductLabels\Model\ResourceModel\Plgeneral\Grid\Collection" type="Magento\Framework\View\Element\UiComponent\DataProvider\SearchResult">
        <arguments>
            <argument name="mainTable" xsi:type="string">pl_general</argument>
            <argument name="resourceModel" xsi:type="string">Mageants\ProductLabels\Model\ResourceModel\Plgeneral</argument>
        </arguments>
    </virtualType>  
    <type name="Magento\Framework\View\Element\UiComponent\DataProvider\CollectionFactory">
        <arguments>
            <argument name="collections" xsi:type="array">                
                 <item name="pl_source" xsi:type="string">Mageants\ProductLabels\Model\ResourceModel\Plgeneral\Grid\Collection</item>
            </argument>
        </arguments>
    </type> 
	
	<virtualType name="plgeneralpool" type="Magento\Framework\View\Element\UiComponent\DataProvider\FilterPool">
        <arguments>
            <argument name="appliers" xsi:type="array">
                <item name="regular" xsi:type="object">Magento\Framework\View\Element\UiComponent\DataProvider\RegularFilter</item>
                <item name="fulltext" xsi:type="object">Magento\Framework\View\Element\UiComponent\DataProvider\FulltextFilter</item>
            </argument>
        </arguments>
    </virtualType>   
   
    <virtualType name="plprovider" type="Magento\Framework\View\Element\UiComponent\DataProvider\DataProvider">
        <arguments>
            <argument name="collection" xsi:type="object" shared="false">Mageants\ProductLabels\Model\ResourceModel\Plgeneral\Collection</argument>
            <argument name="filterPool" xsi:type="object" shared="false">plgeneralpool</argument>
        </arguments>
    </virtualType>

    <type name="Mageants\ProductLabels\Model\ImageUploader">
        <arguments>
            <argument name="baseTmpPath" xsi:type="string">productlabels/product/tmp</argument>
            <argument name="basePath" xsi:type="string">productlabels/product</argument>
            <argument name="allowedExtensions" xsi:type="array">
                <item name="jpg" xsi:type="string">jpg</item>
                <item name="jpeg" xsi:type="string">jpeg</item>
                <item name="gif" xsi:type="string">gif</item>
                <item name="png" xsi:type="string">png</item>
            </argument>
        </arguments>
    </type>
    
    <type name="Mageants\ProductLabels\Model\CatImageUploader">
        <arguments>
            <argument name="baseTmpPath" xsi:type="string">productlabels/category/tmp</argument>
            <argument name="basePath" xsi:type="string">productlabels/product</argument>
            <argument name="allowedExtensions" xsi:type="array">
                <item name="jpg" xsi:type="string">jpg</item>
                <item name="jpeg" xsi:type="string">jpeg</item>
                <item name="gif" xsi:type="string">gif</item>
                <item name="png" xsi:type="string">png</item>
            </argument>
        </arguments>
    </type>
<preference for="Magento\Catalog\Block\Product\ListProduct" type="Mageants\ProductLabels\Block\Product\ListProduct" />
<preference for="Magento\Catalog\Block\Product\Image" type="Mageants\ProductLabels\Block\Product\Image" />
<preference for="Magento\Catalog\Block\Product\ImageBuilder" type="Mageants\ProductLabels\Block\Product\ImageBuilder" />
<preference for="Magento\Catalog\Block\Product\ImageFactory" type="Mageants\ProductLabels\Block\Product\ImageFactory" />
</config>

