<?xml version="1.0"?>
<config xmlns:xsi="http://www.w3.org/2001/XMLSchema-instance" xsi:noNamespaceSchemaLocation="urn:magento:framework:Acl/etc/acl.xsd">
    <acl>
        <resources>
            <resource id="Magento_Backend::admin">
				<resource id="Magento_Backend::stores">
                    <resource id="Magento_Backend::stores_settings">
                        <resource id="Magento_Config::config">
                            <resource id="Mageants_FreeGift::config" title="Mageants FreeGift" sortOrder="10" />
                        </resource>
                    </resource>
                </resource>
                <resource id="Magento_Backend::marketing">
                    <resource id="Magento_CatalogRule::promo">
                        <resource id="Magento_SalesRule::quote" sortOrder="30" title="Cart Price Rules" translate="title" />
                    </resource>
                </resource>
            </resource>
        </resources>
    </acl>
</config>
