<?xml version="1.0"?>
<config xmlns:xsi="http://www.w3.org/2001/XMLSchema-instance" xsi:noNamespaceSchemaLocation="urn:magento:framework:Acl/etc/acl.xsd">
    <acl>
        <resources>
            <resource id="Magento_Backend::admin">
                <resource id="Magento_Backend::stores">
                    <resource id="Magento_Backend::stores_other_settings">
                        <resource id="PCAPredict_Addressy::settings" title="Addressy" />
                    </resource>
                </resource>
            </resource>
        </resources>
    </acl>
</config>
