<?xml version="1.0"?>
<config xmlns:xsi="http://www.w3.org/2001/XMLSchema-instance" xsi:noNamespaceSchemaLocation="urn:magento:framework:Acl/etc/acl.xsd">
	<acl>
		<resources>
			<resource id="Magento_Backend::admin">
				<resource id="Magento_Backend::stores">
					<resource id="Magento_Backend::stores_settings">
						<resource id="Magento_Config::config">
                            <resource id="Mageants_ShippingPerProduct::sipping_pre_product_carriers" title="Shipping Methods" translate="title" sortOrder="5" />
                        </resource>
					</resource>
				</resource>
			</resource>
		</resources>
	</acl>
</config>
