<?xml version="1.0"?>
<!--
/**
 * @category Mageants CustomStockStatus
 * @package Mageants_CustomStockStatus
 * @copyright Copyright (c) 2018 Mageants
 * @author Mageants Team <info@mageants.com>
 */
-->
<config xmlns:xsi="http://www.w3.org/2001/XMLSchema-instance" xsi:noNamespaceSchemaLocation="urn:magento:framework:Module/etc/module.xsd">
    <module name="Mageants_CustomStockStatus" setup_version="2.0.8">
    	<sequence>
            <module name="Magento_Catalog"/>
            <module name="Magento_ConfigurableProduct"/>
            <module name="Magento_CatalogSearch"/>
            <module name="Magento_Sales"/>
        </sequence>
    </module>
</config>
