<?xml version="1.0"?>
<config xmlns:xsi="http://www.w3.org/2001/XMLSchema-instance" xsi:noNamespaceSchemaLocation="urn:magento:framework:ObjectManager/etc/config.xsd">
        <preference for="Magento\Catalog\Block\Adminhtml\Product\Attribute\Edit\Form" type="Mageants\CustomStockStatus\Block\Adminhtml\Product\Attribute\Edit\Form" />
        <type name="Magento\ConfigurableProduct\Block\Product\View\Type\Configurable">
	      <plugin name="changeAllowProducts" type="Mageants\CustomStockStatus\Plugin\BeforeAllowProducts" sortOrder="10" />
	</type>
	<preference for="Magento\Swatches\Block\Product\Renderer\Configurable" type="Mageants\CustomStockStatus\Block\Product\Renderer\Configurable" />
	<type name="Magento\ConfigurableProduct\Model\ResourceModel\Attribute\OptionSelectBuilderInterface">
	      <plugin  name="Magento_ConfigurableProduct_Plugin_Model_ResourceModel_Attribute_InStockOptionSelectBuilder" type="Mageants\CustomStockStatus\Plugin\Model\ResourceModel\Attribute\InStockOptionSelectBuilder"/>
	</type>
        <type name="Magento\ConfigurableProduct\Block\Product\View\Type\Configurable">
	      <plugin name="configurable_product_configurable" type="Mageants\CustomStockStatus\Plugin\ConfigurableProduct\Product\View\Type\Configurable" sortOrder="1"/>
        </type>
        <type name="\Magento\Catalog\Model\ResourceModel\Eav\Attribute">
              <plugin name="mageants_attribute_plugin" type="\Mageants\CustomStockStatus\Plugin\AttributePlugin" sortOrder="1"/>
        </type>
        <preference for="Magento\Catalog\Block\Adminhtml\Product\Attribute\Edit\Form" type="Mageants\CustomStockStatus\Block\Adminhtml\Product\Attribute\Edit\Form" />
        <type name="Magento\Sales\Block\Adminhtml\Order\View\Items\Renderer\DefaultRenderer">
    	      <plugin name="mageants-custom-stock-status" type="Mageants\CustomStockStatus\Plugin\DefaultRendererPlugin" sortOrder="1" />
	</type>
</config>