<?xml version="1.0"?>
<config xmlns:xsi="http://www.w3.org/2001/XMLSchema-instance" xsi:noNamespaceSchemaLocation="urn:magento:module:Magento_Cron:etc/crontab.xsd">
    <group id="outofstock_cron_alert"> 
        <job name="send_notify_product_alert" instance="Mageants\OutofStockNotification\Cron\Notification" method="execute">
            <!-- <schedule>*/1 * * * *</schedule> -->
            <config_path>
                crontab/outofstock_cron_alert/jobs/send_notify_product_alert/schedule/cron_expr
            </config_path>
        </job>
    </group>
</config>