<?xml version="1.0"?>
<!--
/**
 * @category Mageants CustomStockStatus
 * @package Mageants_CustomStockStatus
 * @copyright Copyright (c) 2018 Mageants
 * @author Mageants Team <info@mageants.com>
 */
-->
<config xmlns:xsi="http://www.w3.org/2001/XMLSchema-instance" xsi:noNamespaceSchemaLocation="urn:magento:framework:Acl/etc/acl.xsd">
    <acl>
        <resources>
        	<resource id="Magento_Backend::admin">
        	    <resource id="Magento_Backend::stores">
                    <resource id="Magento_Backend::stores_settings">
                        <resource id="Magento_Config::config">
                            <resource id="Mageants_CustomStockStatus::mageants_customstockst" title="Custom Stock Status Section" sortOrder="50">
                            </resource>
		                    <resource id="Mageants_CustomStockStatus::custom_stock_content" title="Custom Stock Status" translate="title" sortOrder="10">	
							<resource id="Mageants_CustomStockStatus::configuration" title="Configuration" translate="title" sortOrder="10" />
		                    </resource>
                        </resource>
                    </resource>
                </resource>
            </resource>
        </resources>
    </acl>
</config>
