<?xml version="1.0"?>
<config xmlns:xsi="http://www.w3.org/2001/XMLSchema-instance" xsi:noNamespaceSchemaLocation="urn:magento:framework:ObjectManager/etc/config.xsd">
	<preference for="Magento\Checkout\CustomerData\Cart" type="Mageants\FreeGift\CustomerData\Cart" />
	<type name="Magento\SalesRule\Model\Rule">
        <plugin name="Mageants_FreeGift::SalesRule" type="Mageants\FreeGift\Plugin\SalesRule" />
    </type>
	<type name="Magento\Checkout\Controller\Sidebar\UpdateItemQty">
		<plugin name="Mageants_FreeGift::UpdateItemQty" type="Mageants\FreeGift\Plugin\Controller\Sidebar\UpdateItemQty" sortOrder="1" />
	</type>
	<type name="Magento\SalesRule\Model\Rule\Metadata\ValueProvider">
        <plugin name="Mageants_FreeGift::SalesRule_ValueProvider" type="Mageants\FreeGift\Plugin\ValueProvider" />
    </type>
    <type name="Magento\SalesRule\Model\Rule\Action\Discount\CalculatorFactory">
        <plugin name="Mageants_FreeGift::CalculatorFactory" type="Mageants\FreeGift\Plugin\CalculatorFactory" />
    </type>
  	<preference for="Magento\Quote\Model\Quote" type="Mageants\FreeGift\Model\Quote" />
    <preference for="Mageants\FreeGift\Api\FreeGiftRepositoryInterface" type="Mageants\FreeGift\Model\FreeGift"/>
    <type name="Magento\Checkout\Model\Cart">
        <plugin name="prevent_add_to" type="Mageants\FreeGift\Plugin\Beforeaddtocart"/>
    </type>
</config>
