<?xml version="1.0"?>
<!--
/**
 * Copyright © 2013-2017 Magento, Inc. All rights reserved.
 * See COPYING.txt for license details.
 */
-->
<config xmlns:xsi="http://www.w3.org/2001/XMLSchema-instance" xsi:noNamespaceSchemaLocation="urn:magento:module:Magento_Config:etc/system_file.xsd">
    <system>
        <section id="currency" translate="label" sortOrder="60" showInDefault="1" showInWebsite="1" showInStore="1">
            <label>Currency Setup</label>
            <tab>general</tab>
            <resource>Magento_Backend::currency</resource>
            <group id="options" translate="label" sortOrder="30" showInDefault="1" showInWebsite="1" showInStore="1">
                <label>Currency Options</label>
                <field id="base" translate="label comment" type="select" sortOrder="1" showInDefault="1" showInWebsite="1" showInStore="1" canRestore="1">
                    <label>Base Currency</label>
                    <frontend_model>Magento\Directory\Block\Adminhtml\Frontend\Currency\Base</frontend_model>
                    <source_model>Magento\Config\Model\Config\Source\Locale\Currency</source_model>
                    <backend_model>Magento\Config\Model\Config\Backend\Currency\Base</backend_model>
                    <comment>
                        <![CDATA[Base currency is used for all online payment transactions. The base currency scope is defined by the catalog price scope ("Catalog" > "Price" > "Catalog Price Scope").]]>
                    </comment>
                </field>
           
            </group>
           
        </section>
    </system>
</config>
