<?xml version="1.0"?>
<config xmlns:xsi="http://www.w3.org/2001/XMLSchema-instance" xsi:noNamespaceSchemaLocation="urn:magento:framework:ObjectManager/etc/config.xsd">
    <virtualType name="Aheadworks\Affiliate\Block\Customer\Container\LayoutProcessorProvider" type="Aheadworks\Affiliate\Model\Layout\ProcessorProvider">
        <arguments>
            <argument name="processors" xsi:type="array">
                <item name="globalConfig" xsi:type="string">Aheadworks\Affiliate\Model\Customer\Layout\Processor\Affiliate\GlobalConfig</item>
                <item name="signupConfig" xsi:type="string">Aheadworks\Affiliate\Model\Customer\Layout\Processor\Affiliate\SignupConfig</item>
                <item name="accountInfoConfig" xsi:type="string">Aheadworks\Affiliate\Model\Customer\Layout\Processor\Affiliate\AccountInfoConfig</item>
                <item name="accountInfoData" xsi:type="string">Aheadworks\Affiliate\Model\Customer\Layout\Processor\Affiliate\AccountInfoData</item>
                <item name="payoutConfig" xsi:type="string">Aheadworks\Affiliate\Model\Customer\Layout\Processor\Affiliate\PayoutConfig</item>
                <item name="balanceData" xsi:type="string">Aheadworks\Affiliate\Model\Customer\Layout\Processor\Affiliate\BalanceInfo</item>
                <item name="boundCustomersData" xsi:type="string">Aheadworks\Affiliate\Model\Customer\Layout\Processor\Affiliate\BoundCustomersData</item>
                <item name="affiliateGroupData" xsi:type="string">Aheadworks\Affiliate\Model\Customer\Layout\Processor\Affiliate\AffiliateGroupData</item>
                <item name="recommendationsConfig" xsi:type="string">Aheadworks\Affiliate\Model\Customer\Layout\Processor\Affiliate\RecommendationsConfig</item>
                <item name="affiliateCouponPrefixData" xsi:type="string">Aheadworks\Affiliate\Model\Customer\Layout\Processor\Affiliate\AccountCouponPrefixConfig</item>
            </argument>
        </arguments>
    </virtualType>
    <virtualType name="Aheadworks\Affiliate\Block\Customer\Container" type="Aheadworks\Affiliate\Block\Container">
        <arguments>
            <argument name="layoutProcessorProvider" xsi:type="object">Aheadworks\Affiliate\Block\Customer\Container\LayoutProcessorProvider</argument>
        </arguments>
    </virtualType>

    <type name="Aheadworks\Affiliate\Model\Customer\Layout\Processor\Affiliate\BalanceInfo">
        <arguments>
            <argument name="balanceInfoFields" xsi:type="array">
                <item name="0" xsi:type="array">
                    <item name="key" xsi:type="const">Aheadworks\Affiliate\Api\Data\Account\BalanceInterface::AVAILABLE_COMMISSIONS</item>
                    <item name="label" xsi:type="string">Available Commissions</item>
                </item>
                <item name="1" xsi:type="array">
                    <item name="key" xsi:type="const">Aheadworks\Affiliate\Api\Data\Account\BalanceInterface::PENDING_COMMISSIONS</item>
                    <item name="label" xsi:type="string">Pending Commissions</item>
                </item>
                <item name="2" xsi:type="array">
                    <item name="key" xsi:type="const">Aheadworks\Affiliate\Api\Data\Account\BalanceInterface::PROCESSING_COMMISSIONS</item>
                    <item name="label" xsi:type="string">Processed for Payout</item>
                </item>
                <item name="3" xsi:type="array">
                    <item name="key" xsi:type="const">Aheadworks\Affiliate\Api\Data\Account\BalanceInterface::PAID_COMMISSIONS</item>
                    <item name="label" xsi:type="string">Total Paid</item>
                </item>
            </argument>
        </arguments>
    </type>

    <type name="Aheadworks\Affiliate\Model\Customer\Layout\Processor\Affiliate\BoundCustomersData">
        <arguments>
            <argument name="boundCustomerFields" xsi:type="array">
                <item name="0" xsi:type="array">
                    <item name="key" xsi:type="const">Aheadworks\Affiliate\Api\Data\BoundCustomerInterface::ORDERS</item>
                    <item name="label" xsi:type="string">Orders</item>
                </item>
                <item name="1" xsi:type="array">
                    <item name="key" xsi:type="const">Aheadworks\Affiliate\Api\Data\BoundCustomerInterface::EARNED_COMMISSIONS</item>
                    <item name="label" xsi:type="string">Earned Commissions</item>
                </item>
            </argument>
        </arguments>
    </type>

    <virtualType
            name="Aheadworks\Affiliate\Ui\DataProvider\Frontend\RecommendedProduct\CollectionModifier"
            type="Magento\Framework\Data\CollectionModifier">
        <arguments>
            <argument name="conditions" xsi:type="array">
                <item name="productVisibilityCondition" xsi:type="object">Magento\Catalog\Model\ProductVisibilityCondition</item>
                <item name="stockStatusCondition" xsi:type="object">Magento\CatalogInventory\Model\ProductCollectionStockCondition</item>
            </argument>
        </arguments>
    </virtualType>

    <virtualType
            name="Aheadworks\Affiliate\Ui\DataProvider\Frontend\RecommendedProduct\Listing\Collector\Image"
            type="Magento\Catalog\Ui\DataProvider\Product\Listing\Collector\Image">
        <arguments>
            <argument name="imageCodes" xsi:type="array">
                <item name="aw_affiliate_product_listing_thumbnail" xsi:type="string">aw_affiliate_product_listing_thumbnail</item>
            </argument>
        </arguments>
    </virtualType>

    <virtualType
            name="Aheadworks\Affiliate\Ui\DataProvider\Frontend\RecommendedProduct\ProductRenderCollectorComposite"
            type="Magento\Catalog\Ui\DataProvider\Product\ProductRenderCollectorComposite">
        <arguments>
            <argument name="productProviders" xsi:type="array">
                <item name="image" xsi:type="object">Aheadworks\Affiliate\Ui\DataProvider\Frontend\RecommendedProduct\Listing\Collector\Image</item>
                <item name="commission" xsi:type="object">Aheadworks\Affiliate\Ui\DataProvider\Frontend\RecommendedProduct\Listing\Collector\Commission</item>
            </argument>
        </arguments>
    </virtualType>

    <type name="Aheadworks\Affiliate\Ui\DataProvider\Frontend\RecommendedProduct\ProductRenderList">
        <arguments>
            <argument name="collectionModifier" xsi:type="object">Aheadworks\Affiliate\Ui\DataProvider\Frontend\RecommendedProduct\CollectionModifier</argument>
            <argument name="collectionProcessor" xsi:type="object">Magento\Catalog\Model\Api\SearchCriteria\ProductCollectionProcessor</argument>
            <argument name="productRenderCollectorComposite" xsi:type="object">Aheadworks\Affiliate\Ui\DataProvider\Frontend\RecommendedProduct\ProductRenderCollectorComposite</argument>
        </arguments>
    </type>

    <type name="Magento\Quote\Model\Quote\Item\ToOrderItem">
        <plugin name="aw_aff_to_order_item_plugin" type="Aheadworks\Affiliate\Plugin\Quote\Model\Quote\Item\ToOrderItemPlugin" />
    </type>

</config>