title,page_layout,meta_keywords,meta_description,identifier,content_heading,content,is_active,sort_order,layout_update_xml,custom_theme,custom_root_template,custom_layout_update_xml,custom_theme_from,custom_theme_to
Affiliate Terms and Conditions Page,1column,,,aw-affiliate-terms-page,Affiliate Terms and Conditions Page,"<h1>Affiliate Terms &amp; Conditions</h1>
<h2>1. General</h2>
<div>
<p>The present Terms and Conditions regulate the Affiliate Program provided by <strong>the Merchant</strong> and represent the agreement between the seller and the individual or entity joining the Affiliate Program (the <strong>""Affiliate""</strong>, <strong>""you""</strong>).</p>
<p>Please read the following article carefully as it represents a legally binding agreement between you and <strong>the Merchant</strong>. By submitting your application and thereafter participating in the Affiliate Program, you agree to comply with all of the terms and conditions of this Affiliate Agreement. <strong>The Merchant</strong> may deactivate your Affiliate Account at any time, with or without notice, in case of any agreement breach, for any activity that it believes may be harmful to its business or to any other related party.</p>
</div>
<h2><span>2. Referral Tracking</span></h2>
<div>
<p><strong>The Merchant</strong> provides the Affiliate with specific direct links and/or coupon codes to/ of <strong>the merchant’s</strong> products to be promoted by the Affiliate. <strong>The Merchant</strong> will track users who have followed these links and/or used the provided coupon codes.</p>
<p>The Affiliate will be able to track purchases while the cookie is active, the tracking gap will be initially determined by <strong>the Merchant</strong>. <strong>All purchases made within this gap will be</strong> considered as referrals of the Affiliate and recorded as such in the Affiliate Dashboard.</span></p>
<p><span>The Affiliate is not allowed to modify or alter the links and cookies in any way. <strong>The Merchant</strong> is not responsible for any tracking or reporting errors that may result from any modifications made to the links or cookies.</p>
</div>
<h2>3. Affiliate Fees and Payouts</h2>
<div>
<p>The Affiliate is entitled to receive a one-time payment (<strong>‘Commission’</strong>) for each product purchase covered by this Affiliate Program. Commissions will be payable only when the Affiliate has at least 1 purchase (taking into account the commission holding period).</p>
<p>All commissions will be payable in US Dollars only unless otherwise determined by <strong>the Merchant</strong>. Payments will be made via PayPal. The Affiliate must provide <strong>the Merchant</strong> with the accurate details required for commission remittance and is solely responsible for any delayed payments.</p>
<p>In case of any suspicious activity from the Affiliate’s part, <strong>the Merchant</strong> has the right to hold commission payments to verify transactions. <strong>The Merchant</strong> retains the right to recalculate or revoke commissions in case of any illegal activity.</p>
</div>
<h2>4. Advertisements</h2>
<div>
<p>By providing the Affiliate with links and/ or product coupon codes, <strong>the Merchant</strong> hereby gives the Affiliate a non-exclusive, non-transferable, limited right to use these materials for the sole purpose of promoting our products within the Affiliate Program. The license will expire upon termination of the Affiliate's participation in the Affiliate Program.</p>
<p>The Affiliate will be solely responsible for his/her own marketing activities. All activities must be professional and be fully compliant with all applicable laws.</p>
<p><strong>The Merchant</strong> may, without prior warning, require the Affiliate to remove or modify any advertisements in <strong>the Merchant's</strong> sole discretion.</p>
</div>
<h2>5. Termination</h2>
<div>
<p>The Affiliate has the right to immediately rescind the Affiliate's participation in the Affiliate Program after giving the other party a prior notification of termination.</p>
<p><strong>The Merchant</strong> retains the right to rescind the Affiliate's participation in the Affiliate Program, in its sole discretion, for any breach of this Affiliate Agreement or for any activity that may be harmful for <strong>the Merchant</strong>, to its business or any third party.</p>
<p>Upon termination, the Affiliate will be deprived of access to its affiliate data and will lose all potential and/or unpaid commissions.</p>
</div>
<h2>6. Party Relationships</h2>
<div>
<p><strong>The Merchant</strong> and the Affiliate are independent entities. Nothing stated in this Agreement will create any partnership or joint venture relationship between these parties. The Affiliate is not authorized to act on the behalf of <strong>the Merchant</strong>.</p>
</div>
<h2>7. Liability Limitation</h2>
<div>
<p>The Affiliate participates in the provided Affiliate Program at his/her own risk. <strong>The Merchant</strong> gives no warranties, either expressed or implied, any service, or information related to the Affiliate Program and provided in it.</p>
<p><strong>The Merchant</strong> is not responsible for any damages or economic losses resulting from the use of the Affiliate Program. Should any part of the Affiliate Program bring damage or inconvenience to the Affiliate, the Affiliate assumes all responsibility for them.</p>
<p>The Affiliate will indemnify <strong>the Merchant</strong>, its directors, all staff members, and third parties against any losses and expenses related to the Affiliate and/or any third party's operations arising from the use of the Affiliate Program.</p>
</div>
<h2>8. Amendments</h2>
<div>
<p><strong>The Merchant</strong> may, in its sole discretion, change or modify this Affiliate Agreement at any time, with or without notice. All changes and/or modifications will become effective upon posting to this web address: <a title=""sportshop.com"" href=""sportshop.com"">sportshop.com</a>. The Affiliate should regularly read this document to make sure that his/her use of the Affiliate Program remains compliant with this Affiliate Agreement.</p>
<p>If any modification is unacceptable to the Affiliate, he/she may immediately terminate the present agreement. His/her continued participation in the Affiliate Program will constitute binding acceptance of such modifications.</p>
</div>
<h2>9. Miscellaneous</h2>
<div>
<p>The Affiliate must be over the age of 18 in order to enter into this Affiliate Agreement.</p>
<p>The Affiliate guarantees that all his/her activity related to the Affiliate Program is entirely compliant with all applicable laws, regulations, and any requirements of public authority. <strong>The Merchant</strong> retains the right to terminate the Affiliate's participation in the Affiliate Program, in its sole discretion, if any of the Affiliate's actions breach any regulations of governmental authority.</p>
<p>This Affiliate Agreement represents the entire understanding between <strong>the Merchant</strong> and the Affiliate. This Affiliate Agreement overrides any other accepted agreements between the parties and neither party shall be bound by any statements not covered in this Agreement.</p>
<p>Any dispute arising in relation to this Affiliate Agreement shall be exclusively resolved in the <strong>Courts of Law</strong>.</p>
</div>",1,,,,,,,