<?xml version="1.0"?>
<config xmlns:xsi="http://www.w3.org/2001/XMLSchema-instance" xsi:noNamespaceSchemaLocation="urn:magento:module:Magento_Config:etc/system_file.xsd">
    <system>
        <tab id="mageants" translate="label">
            <label>Mageants</label>
        </tab>
         <section id="mageants_barcodegenerator"  showInDefault="1" showInWebsite="1" showInStore="1">
            <tab>mageants</tab>
            <label>Barcode Generator </label>
            <resource>Mageants_BarcodeGenerator::config_mageants_barcodegenerator</resource>
            
            <group id="barcodegenerator"  
                showInDefault="1" 
                showInWebsite="1" 
                showInStore="1">
                <label>General</label>
                
                <field id="enabled" 
                    translate="label" 
                    type="select" 
                    sortOrder="10"
                    showInDefault="1" 
                    showInWebsite="1" 
                    showInStore="1">
                        <label>Enable Barcode Generator</label>
                        <source_model>Magento\Config\Model\Config\Source\Yesno</source_model>
                </field>
            
            </group>

            <group id="barcodegenerator_setting"  
                showInDefault="1" 
                showInWebsite="1" 
                showInStore="1">
                    <label>Barcode Settings</label>
                
                <field id="btype" 
                    translate="label comment" 
                    type="select" 
                    sortOrder="2"  
                    showInDefault="1" 
                    showInWebsite="1" 
                    showInStore="1">
                        <label>Select Barcode Type</label>
                        <source_model>Mageants\BarcodeGenerator\Model\Config\Source\BarcodeTypes</source_model>
                </field>
                
                <field id="barcode_prefix" 
                    translate="label comment" 
                    type="text" 
                    sortOrder="2" 
                    showInDefault="1" 
                    showInWebsite="1" 
                    showInStore="1">
                        <label>Barcode Prefix</label>
                        <validate>validate-number</validate>
                        <comment>set prefix of the barcode. only digits allowed.</comment>
                </field>
               
               <field id="pro_atr" 
                    translate="label comment" 
                    type="select" 
                    sortOrder="3"  
                    showInDefault="1" 
                    showInWebsite="1" 
                    showInStore="1">
                        <label>Product Attribute for Barcode</label>
                        <source_model>Mageants\BarcodeGenerator\Model\Config\Source\ProductAttributes</source_model>
                </field>


                <field id="enable_qr" 
                    translate="label" 
                    type="select" 
                    sortOrder="10"
                    showInDefault="1" 
                    showInWebsite="1" 
                    showInStore="1">
                        <label>Enable QR Code</label>
                        <source_model>Magento\Config\Model\Config\Source\Yesno</source_model>
                </field>
                
                <field id="logo_enable" 
                    translate="label" 
                    type="select" 
                    sortOrder="7" 
                    showInDefault="1" 
                    showInWebsite="1" 
                    showInStore="1">
                        <label>Enable Logo</label>
                        <source_model>Magento\Config\Model\Config\Source\Yesno</source_model>
                </field>
                
                <field id="company_logo" 
                    translate="label comment" 
                    type="image" sortOrder="8" 
                    showInDefault="1" 
                    showInWebsite="1" 
                    showInStore="1" >

                 <depends>
                    <field id="mageants_barcodegenerator/barcodegenerator_setting/logo_enable">1</field>
                </depends>
                        <label>Logo Image</label>
                        <!-- <backend_model>Magento\Config\Model\Config\Backend\Image</backend_model> -->
                        <backend_model>Mageants\BarcodeGenerator\Model\Config\Backend\File</backend_model>
                            <base_url type="media" scope_info="1">mageants/barcodegenerator/logo</base_url>
                            <upload_dir config="system/filesystem/media" scope_info="1">mageants/barcodegenerator/logo</upload_dir>
                            <validate>required-entry required-file</validate> 
                            <comment>
                            The most ideal logo size is 160x40 pixels. Logo will be used in Pdf.
                        </comment>
                </field>


                <field id="desc_attribute" 
                    translate="label comment" 
                    type="multiselect"  
                    sortOrder="11"  
                    showInDefault="1" 
                    showInWebsite="1" 
                    showInStore="1" >
                        <label>Description Attribute</label>
                         <validate>required-entry validate-single-select</validate>
                         <!-- <can_be_empty>1</can_be_empty> -->
                        <source_model>Mageants\BarcodeGenerator\Model\Config\Source\DiscriptionAttributes</source_model>
                </field>

                <field id="preview" 
                    translate="label" 
                    type="label" 
                    sortOrder="12" 
                    showInDefault="1" 
                    showInWebsite="1"      
                    showInStore="1">
                        <frontend_model>Mageants\BarcodeGenerator\Block\Adminhtml\System\Config\Form\Field\PreviewButton</frontend_model>
                </field>



            </group>
        </section>
    </system>
</config>
