<?xml version="1.0"?>
<!--
/**
 * Copyright © Magento, Inc. All rights reserved.
 * See COPYING.txt for license details.
 */
-->
<config xmlns:xsi="http://www.w3.org/2001/XMLSchema-instance" xsi:noNamespaceSchemaLocation="urn:magento:framework:ObjectManager/etc/config.xsd">
    <type name="Magento\CatalogGraphQl\Model\ProductInterfaceTypeResolverComposite">
        <arguments>
            <argument name="productTypeNameResolvers" xsi:type="array">
                <item name="mageworx_gift_cards_product_type_resolver" xsi:type="object">MageWorx\GiftCardsGraphQl\Model\GiftCardProductTypeResolver</item>
            </argument>
        </arguments>
    </type>
</config>
