<?xml version="1.0"?>
<config xmlns:xsi="http://www.w3.org/2001/XMLSchema-instance" xsi:noNamespaceSchemaLocation="urn:magento:framework:ObjectManager/etc/config.xsd">
    
    <preference for="\Magento\Catalog\Model\Product" type="Mageants\OutofStockNotification\Model\Catalog\Product" />

    <preference for="\Magento\Bundle\Block\Catalog\Product\View\Type\Bundle\Option\Radio" type="Mageants\OutofStockNotification\Block\Product\Bundle\Radio" />
    <preference for="\Magento\Bundle\Block\Catalog\Product\View\Type\Bundle\Option\Checkbox" type="Mageants\OutofStockNotification\Block\Product\Bundle\Checkbox" />
    <preference for="\Magento\Bundle\Block\Catalog\Product\View\Type\Bundle\Option\Select" type="Mageants\OutofStockNotification\Block\Product\Bundle\Select" />
    <preference for="\Magento\Bundle\Block\Catalog\Product\View\Type\Bundle\Option\Multi" type="Mageants\OutofStockNotification\Block\Product\Bundle\Multi" />

    <type name="Magento\ConfigurableProduct\Block\Product\View\Type\Configurable">
	    <plugin name="changeAllowProducts" type="Mageants\OutofStockNotification\Plugin\BeforeAllowProducts" sortOrder="10" />
	</type>

    <preference for="Magento\ConfigurableProduct\Helper\Data"  type="Mageants\OutofStockNotification\Helper\ConfigurableProduct\Data"/>
    
    <virtualType name="logincustomerpool" type="Magento\Framework\View\Element\UiComponent\DataProvider\FilterPool">
        <arguments>
            <argument name="appliers" xsi:type="array">
                <item name="regular" xsi:type="object">Magento\Framework\View\Element\UiComponent\DataProvider\RegularFilter</item>
                <item name="fulltext" xsi:type="object">Magento\Framework\View\Element\UiComponent\DataProvider\FulltextFilter</item>
            </argument>
        </arguments>
    </virtualType>  
    
    <virtualType name="stocknotificationprovider" type="Magento\Framework\View\Element\UiComponent\DataProvider\DataProvider">
        <arguments>
            <argument name="collection" xsi:type="object" shared="false">Mageants\OutofStockNotification\Model\ResourceModel\Stocknotification\Collection</argument>
            <argument name="filterPool" xsi:type="object" shared="false">stocknotificationpool</argument>
        </arguments>
    </virtualType>

	<type name="Magento\Framework\View\Element\UiComponent\DataProvider\CollectionFactory">
        <arguments>
            <argument name="collections" xsi:type="array">                
                 <item name="stocknotification_source" xsi:type="string">Mageants\OutofStockNotification\Model\ResourceModel\Stocknotification\Collection</item>
            </argument>
        </arguments>
    </type>

    <virtualType name="Mageants\OutofStockNotification\Model\ResourceModel\Stocknotification\Collection" type="Magento\Framework\View\Element\UiComponent\DataProvider\SearchResult">
        <arguments>
            <argument name="mainTable" xsi:type="string">subscribe_product_notification</argument>
            <argument name="resourceModel" xsi:type="string">Mageants\OutofStockNotification\Model\ResourceModel\Stocknotification</argument>
        </arguments>
    </virtualType> 

</config>