<?xml version="1.0"?>
<config xmlns:xsi="http://www.w3.org/2001/XMLSchema-instance" xsi:noNamespaceSchemaLocation="urn:magento:framework:Acl/etc/acl.xsd">
    <acl>
        <resources>
            <resource id="Magento_Backend::admin">
                <resource id="Magento_Backend::marketing">
                    <resource id="Aheadworks_Affiliate::home" title="Affiliate by Aheadworks" sortOrder="100">
                        <resource id="Aheadworks_Affiliate::campaigns" title="Campaigns" sortOrder="10"/>
                        <resource id="Aheadworks_Affiliate::affiliate_groups" title="Affiliate Groups" sortOrder="20"/>
                        <resource id="Aheadworks_Affiliate::accounts" title="Accounts" sortOrder="30"/>
                        <resource id="Aheadworks_Affiliate::signups" title="Signup Requests" sortOrder="40"/>
                        <resource id="Aheadworks_Affiliate::transactions" title="Transactions" sortOrder="50"/>
                        <resource id="Aheadworks_Affiliate::payouts" title="Payouts" sortOrder="60"/>
                    </resource>
                </resource>
                <resource id="Magento_Reports::report">
                    <resource id="Aheadworks_Affiliate::report_home" title="Affiliate Reports by Aheadworks" sortOrder="100">
                        <resource id="Aheadworks_Affiliate::sales_by_affiliate_link" title="Sales by Affiliate Link" sortOrder="10"/>
                        <resource id="Aheadworks_Affiliate::sales_by_coupon" title="Sales by Coupon" sortOrder="20"/>
                    </resource>
                </resource>
                <resource id="Magento_Backend::stores">
                    <resource id="Magento_Backend::stores_settings">
                        <resource id="Magento_Config::config">
                            <resource id="Aheadworks_Affiliate::config_aw_affiliate" title="Affiliate by Aheadworks" />
                        </resource>
                    </resource>
                </resource>
            </resource>
        </resources>
    </acl>
</config>
