<?xml version="1.0"?>
<config xmlns:xsi="http://www.w3.org/2001/XMLSchema-instance" xsi:noNamespaceSchemaLocation="urn:magento:module:Magento_Cron/etc/crontab.xsd">
    <group id="default">
        <job name="aw_affiliate_transaction_processor" instance="Aheadworks\Affiliate\Cron\TransactionProcessor" method="execute">
            <schedule>0 0 * * *</schedule>
        </job>
        <job name="aw_affiliate_payout_generation" instance="Aheadworks\Affiliate\Cron\PayoutGeneration" method="execute">
            <schedule>0 1 * * *</schedule>
        </job>
        <job name="aw_affiliate_payout_reminder" instance="Aheadworks\Affiliate\Cron\PayoutReminder" method="execute">
            <schedule>0 2 * * *</schedule>
        </job>
        <job name="aw_affiliate_link_statistic_reindex" instance="Aheadworks\Affiliate\Cron\LinkStatisticReindex" method="execute">
            <schedule>0 3 * * *</schedule>
        </job>
    </group>
</config>
