<?xml version="1.0"?>
<config xmlns:xsi="http://www.w3.org/2001/XMLSchema-instance" xsi:noNamespaceSchemaLocation="urn:magento:framework:ObjectManager/etc/config.xsd">
    <preference for="Aheadworks\Affiliate\Api\Data\AffiliateGroupInterface" type="Aheadworks\Affiliate\Model\AffiliateGroup" />
    <preference for="Aheadworks\Affiliate\Api\AffiliateGroupRepositoryInterface" type="Aheadworks\Affiliate\Model\AffiliateGroupRepository" />
    <preference for="Aheadworks\Affiliate\Api\Data\AffiliateGroupSearchResultsInterface" type="Magento\Framework\Api\SearchResults" />
    <preference for="Aheadworks\Affiliate\Api\Data\CampaignInterface" type="Aheadworks\Affiliate\Model\Campaign" />
    <preference for="Aheadworks\Affiliate\Api\Data\ConditionInterface" type="Aheadworks\Affiliate\Model\Campaign\Condition" />
    <preference for="Aheadworks\Affiliate\Api\Data\CampaignSearchResultsInterface" type="Magento\Framework\Api\SearchResults" />
    <preference for="Aheadworks\Affiliate\Api\CampaignRepositoryInterface" type="Aheadworks\Affiliate\Model\CampaignRepository" />
    <preference for="Aheadworks\Affiliate\Api\CampaignManagementInterface" type="Aheadworks\Affiliate\Model\Service\CampaignService" />
    <preference for="Aheadworks\Affiliate\Api\Data\AccountInterface" type="Aheadworks\Affiliate\Model\Account" />
    <preference for="Aheadworks\Affiliate\Api\Data\Account\BalanceInterface" type="Aheadworks\Affiliate\Model\Account\Balance" />
    <preference for="Aheadworks\Affiliate\Api\Data\AccountSearchResultsInterface" type="Magento\Framework\Api\SearchResults" />
    <preference for="Aheadworks\Affiliate\Api\AccountRepositoryInterface" type="Aheadworks\Affiliate\Model\AccountRepository" />
    <preference for="Aheadworks\Affiliate\Api\AccountManagementInterface" type="Aheadworks\Affiliate\Model\Service\AccountService" />
    <preference for="Aheadworks\Affiliate\Api\Data\SignupInterface" type="Aheadworks\Affiliate\Model\Signup" />
    <preference for="Aheadworks\Affiliate\Api\Data\SignupSearchResultsInterface" type="Magento\Framework\Api\SearchResults" />
    <preference for="Aheadworks\Affiliate\Api\SignupRepositoryInterface" type="Aheadworks\Affiliate\Model\SignupRepository" />
    <preference for="Aheadworks\Affiliate\Api\SignupManagementInterface" type="Aheadworks\Affiliate\Model\Service\SignupService" />
    <preference for="Aheadworks\Affiliate\Api\Data\TransactionInterface" type="Aheadworks\Affiliate\Model\Transaction" />
    <preference for="Aheadworks\Affiliate\Api\Data\TransactionEntityInterface" type="Aheadworks\Affiliate\Model\TransactionEntity" />
    <preference for="Aheadworks\Affiliate\Api\Data\TransactionSearchResultsInterface" type="Magento\Framework\Api\SearchResults" />
    <preference for="Aheadworks\Affiliate\Api\TransactionRepositoryInterface" type="Aheadworks\Affiliate\Model\TransactionRepository" />
    <preference for="Aheadworks\Affiliate\Api\TransactionManagementInterface" type="Aheadworks\Affiliate\Model\Service\TransactionService" />
    <preference for="Aheadworks\Affiliate\Api\TransactionCreationManagementInterface" type="Aheadworks\Affiliate\Model\Service\Transaction\CreationService" />
    <preference for="Aheadworks\Affiliate\Api\TransactionHoldingPeriodManagementInterface" type="Aheadworks\Affiliate\Model\Service\Transaction\HoldingPeriodService" />
    <preference for="Aheadworks\Affiliate\Api\Data\PayoutInterface" type="Aheadworks\Affiliate\Model\Payout" />
    <preference for="Aheadworks\Affiliate\Api\Data\PayoutSearchResultsInterface" type="Magento\Framework\Api\SearchResults" />
    <preference for="Aheadworks\Affiliate\Api\PayoutRepositoryInterface" type="Aheadworks\Affiliate\Model\PayoutRepository" />
    <preference for="Aheadworks\Affiliate\Api\PayoutManagementInterface" type="Aheadworks\Affiliate\Model\Service\PayoutService" />
    <preference for="Aheadworks\Affiliate\Api\AccountBalanceManagementInterface" type="Aheadworks\Affiliate\Model\Service\AccountBalanceService" />
    <preference for="Aheadworks\Affiliate\Api\PromoLinkManagementInterface" type="Aheadworks\Affiliate\Model\Service\PromoLinkService" />
    <preference for="Aheadworks\Affiliate\Model\Email\EmailMetadataInterface" type="Aheadworks\Affiliate\Model\Email\EmailMetadata" />
    <preference for="Aheadworks\Affiliate\Model\Email\UrlInterface" type="Magento\Framework\Url" />
    <preference for="Aheadworks\Affiliate\Api\Data\PromoDataInterface" type="Aheadworks\Affiliate\Model\PromoData" />
    <preference for="Aheadworks\Affiliate\Api\Data\PromoLinkDataInterface" type="Aheadworks\Affiliate\Model\PromoLinkData" />
    <preference for="Aheadworks\Affiliate\Api\Data\PayoutReminderInterface" type="Aheadworks\Affiliate\Model\Payout\Reminder" />
    <preference for="Aheadworks\Affiliate\Api\OrderItemManagementInterface" type="Aheadworks\Affiliate\Model\Service\OrderItemService" />
    <preference for="Aheadworks\Affiliate\Api\CouponManagementInterface" type="Aheadworks\Affiliate\Model\Service\CouponService" />
    <preference for="Aheadworks\Affiliate\Api\Data\CouponInterface" type="Aheadworks\Affiliate\Model\Coupon" />
    <preference for="Aheadworks\Affiliate\Api\CouponRepositoryInterface" type="Aheadworks\Affiliate\Model\CouponRepository" />
    <preference for="Aheadworks\Affiliate\Api\Data\CouponSearchResultsInterface" type="Magento\Framework\Api\SearchResults" />
    <preference for="Aheadworks\Affiliate\Api\Data\LinkStatisticInterface" type="Aheadworks\Affiliate\Model\LinkStatistic" />
    <preference for="Aheadworks\Affiliate\Api\LinkStatisticRepositoryInterface" type="Aheadworks\Affiliate\Model\LinkStatisticRepository" />
    <preference for="Aheadworks\Affiliate\Api\Data\BoundCustomerSearchResultsInterface" type="Magento\Framework\Api\SearchResults" />
    <preference for="Aheadworks\Affiliate\Api\Data\BoundCustomerInterface" type="Aheadworks\Affiliate\Model\BoundCustomer" />
    <preference for="Aheadworks\Affiliate\Api\BoundCustomerRepositoryInterface" type="Aheadworks\Affiliate\Model\BoundCustomerRepository" />
    <preference for="Aheadworks\Affiliate\Api\BoundCustomerManagementInterface" type="Aheadworks\Affiliate\Model\Service\BoundCustomerService" />

    <type name="Magento\Framework\EntityManager\MetadataPool">
        <arguments>
            <argument name="metadata" xsi:type="array">
                <item name="Aheadworks\Affiliate\Api\Data\AffiliateGroupInterface" xsi:type="array">
                    <item name="entityTableName" xsi:type="const">Aheadworks\Affiliate\Model\ResourceModel\AffiliateGroup::MAIN_TABLE_NAME</item>
                    <item name="identifierField" xsi:type="const">Aheadworks\Affiliate\Model\ResourceModel\AffiliateGroup::MAIN_TABLE_ID_FIELD_NAME</item>
                </item>
                <item name="Aheadworks\Affiliate\Api\Data\CampaignInterface" xsi:type="array">
                    <item name="entityTableName" xsi:type="const">Aheadworks\Affiliate\Model\ResourceModel\Campaign::MAIN_TABLE_NAME</item>
                    <item name="identifierField" xsi:type="const">Aheadworks\Affiliate\Model\ResourceModel\Campaign::MAIN_TABLE_ID_FIELD_NAME</item>
                </item>
                <item name="Aheadworks\Affiliate\Api\Data\AccountInterface" xsi:type="array">
                    <item name="entityTableName" xsi:type="const">Aheadworks\Affiliate\Model\ResourceModel\Account::MAIN_TABLE_NAME</item>
                    <item name="identifierField" xsi:type="const">Aheadworks\Affiliate\Model\ResourceModel\Account::MAIN_TABLE_ID_FIELD_NAME</item>
                </item>
                <item name="Aheadworks\Affiliate\Api\Data\Account\BalanceInterface" xsi:type="array">
                    <item name="entityTableName" xsi:type="const">Aheadworks\Affiliate\Model\ResourceModel\Account\Balance::MAIN_TABLE_NAME</item>
                    <item name="identifierField" xsi:type="const">Aheadworks\Affiliate\Model\ResourceModel\Account\Balance::MAIN_TABLE_ID_FIELD_NAME</item>
                </item>
                <item name="Aheadworks\Affiliate\Api\Data\SignupInterface" xsi:type="array">
                    <item name="entityTableName" xsi:type="const">Aheadworks\Affiliate\Model\ResourceModel\Signup::MAIN_TABLE_NAME</item>
                    <item name="identifierField" xsi:type="const">Aheadworks\Affiliate\Model\ResourceModel\Signup::MAIN_TABLE_ID_FIELD_NAME</item>
                </item>
                <item name="Aheadworks\Affiliate\Api\Data\TransactionInterface" xsi:type="array">
                    <item name="entityTableName" xsi:type="const">Aheadworks\Affiliate\Model\ResourceModel\Transaction::MAIN_TABLE_NAME</item>
                    <item name="identifierField" xsi:type="const">Aheadworks\Affiliate\Model\ResourceModel\Transaction::MAIN_TABLE_ID_FIELD_NAME</item>
                </item>
                <item name="Aheadworks\Affiliate\Api\Data\PayoutInterface" xsi:type="array">
                    <item name="entityTableName" xsi:type="const">Aheadworks\Affiliate\Model\ResourceModel\Payout::MAIN_TABLE_NAME</item>
                    <item name="identifierField" xsi:type="const">Aheadworks\Affiliate\Model\ResourceModel\Payout::MAIN_TABLE_ID_FIELD_NAME</item>
                </item>
                <item name="Aheadworks\Affiliate\Api\Data\CouponInterface" xsi:type="array">
                    <item name="entityTableName" xsi:type="const">Aheadworks\Affiliate\Model\ResourceModel\Coupon::MAIN_TABLE_NAME</item>
                    <item name="identifierField" xsi:type="const">Aheadworks\Affiliate\Model\ResourceModel\Coupon::MAIN_TABLE_ID_FIELD_NAME</item>
                </item>
                <item name="Aheadworks\Affiliate\Api\Data\LinkStatisticInterface" xsi:type="array">
                    <item name="entityTableName" xsi:type="const">Aheadworks\Affiliate\Model\ResourceModel\LinkStatistic::MAIN_TABLE_NAME</item>
                    <item name="identifierField" xsi:type="const">Aheadworks\Affiliate\Model\ResourceModel\LinkStatistic::MAIN_TABLE_ID_FIELD_NAME</item>
                </item>
                <item name="Aheadworks\Affiliate\Api\Data\BoundCustomerInterface" xsi:type="array">
                    <item name="entityTableName" xsi:type="const">Aheadworks\Affiliate\Model\ResourceModel\BoundCustomer::MAIN_TABLE_NAME</item>
                    <item name="identifierField" xsi:type="const">Aheadworks\Affiliate\Model\ResourceModel\BoundCustomer::MAIN_TABLE_ID_FIELD_NAME</item>
                </item>
            </argument>
        </arguments>
    </type>
    <type name="Aheadworks\Affiliate\Setup\SampleData\Installer">
        <arguments>
            <argument name="installers" xsi:type="array">
                <item name="affiliate_group" xsi:type="object">Aheadworks\Affiliate\Model\SampleData\Installer\AffiliateGroup</item>
                <item name="cms_page" xsi:type="object">Aheadworks\Affiliate\Model\SampleData\Installer\CmsPage</item>
            </argument>
        </arguments>
    </type>

    <type name="Magento\Framework\EntityManager\Operation\ExtensionPool">
        <arguments>
            <argument name="extensionActions" xsi:type="array">
                <item name="Aheadworks\Affiliate\Api\Data\CampaignInterface" xsi:type="array">
                    <item name="read" xsi:type="array">
                        <item name="couponUsageReader" xsi:type="string">Aheadworks\Affiliate\Model\ResourceModel\Campaign\Relation\CouponUsage\ReadHandler</item>
                        <item name="affiliateGroupReader" xsi:type="string">Aheadworks\Affiliate\Model\ResourceModel\Campaign\Relation\AffiliateGroup\ReadHandler</item>
                        <item name="recommendedProductReader" xsi:type="string">Aheadworks\Affiliate\Model\ResourceModel\Campaign\Relation\RecommendedProduct\ReadHandler</item>
                    </item>
                    <item name="create" xsi:type="array">
                        <item name="couponUsageCreator" xsi:type="string">Aheadworks\Affiliate\Model\ResourceModel\Campaign\Relation\CouponUsage\SaveHandler</item>
                        <item name="affiliateGroupCreator" xsi:type="string">Aheadworks\Affiliate\Model\ResourceModel\Campaign\Relation\AffiliateGroup\SaveHandler</item>
                        <item name="recommendedProductCreator" xsi:type="string">Aheadworks\Affiliate\Model\ResourceModel\Campaign\Relation\RecommendedProduct\SaveHandler</item>
                    </item>
                    <item name="update" xsi:type="array">
                        <item name="couponUsageUpdater" xsi:type="string">Aheadworks\Affiliate\Model\ResourceModel\Campaign\Relation\CouponUsage\SaveHandler</item>
                        <item name="affiliateGroupUpdater" xsi:type="string">Aheadworks\Affiliate\Model\ResourceModel\Campaign\Relation\AffiliateGroup\SaveHandler</item>
                        <item name="recommendedProductUpdater" xsi:type="string">Aheadworks\Affiliate\Model\ResourceModel\Campaign\Relation\RecommendedProduct\SaveHandler</item>
                    </item>
                </item>
                <item name="Aheadworks\Affiliate\Api\Data\TransactionInterface" xsi:type="array">
                    <item name="create" xsi:type="array">
                        <item name="entityCreator" xsi:type="string">Aheadworks\Affiliate\Model\ResourceModel\Transaction\Relation\Entity\SaveHandler</item>
                    </item>
                    <item name="read" xsi:type="array">
                        <item name="entityReader" xsi:type="string">Aheadworks\Affiliate\Model\ResourceModel\Transaction\Relation\Entity\ReadHandler</item>
                    </item>
                    <item name="update" xsi:type="array">
                        <item name="entityUpdater" xsi:type="string">Aheadworks\Affiliate\Model\ResourceModel\Transaction\Relation\Entity\SaveHandler</item>
                    </item>
                </item>
            </argument>
        </arguments>
    </type>

    <virtualType name="Aheadworks\Affiliate\Controller\Adminhtml\Campaign\PostDataProcessorComposite" type="Aheadworks\Affiliate\Model\PostData\ProcessorComposite">
        <arguments>
            <argument name="processors" xsi:type="array">
                <item name="cart_condition" xsi:type="object">Aheadworks\Affiliate\Controller\Adminhtml\Campaign\PostDataProcessor\Condition\Cart</item>
                <item name="recommended_products" xsi:type="object">Aheadworks\Affiliate\Controller\Adminhtml\Campaign\PostDataProcessor\RecommendedProducts</item>
            </argument>
        </arguments>
    </virtualType>
    <type name="Aheadworks\Affiliate\Controller\Adminhtml\Campaign\Save">
        <arguments>
            <argument name="postDataProcessorComposite" xsi:type="object">Aheadworks\Affiliate\Controller\Adminhtml\Campaign\PostDataProcessorComposite</argument>
        </arguments>
    </type>

    <virtualType name="Aheadworks\Affiliate\Controller\Signup\PostDataProcessorComposite" type="Aheadworks\Affiliate\Model\PostData\ProcessorComposite">
        <arguments>
            <argument name="processors" xsi:type="array">
                <item name="customer" xsi:type="object">Aheadworks\Affiliate\Controller\Signup\PostDataProcessor\Customer</item>
                <item name="status" xsi:type="object">Aheadworks\Affiliate\Controller\Signup\PostDataProcessor\Status</item>
                <item name="store" xsi:type="object">Aheadworks\Affiliate\Controller\Signup\PostDataProcessor\Store</item>
            </argument>
        </arguments>
    </virtualType>
    <type name="Aheadworks\Affiliate\Controller\Signup\Submit">
        <arguments>
            <argument name="postDataProcessorComposite" xsi:type="object">Aheadworks\Affiliate\Controller\Signup\PostDataProcessorComposite</argument>
        </arguments>
    </type>

    <virtualType name="Aheadworks\Affiliate\Model\CampaignProcessorComposite" type="Aheadworks\Affiliate\Model\ProcessorComposite">
        <arguments>
            <argument name="processors" xsi:type="array">
                <item name="cart_condition" xsi:type="object">Aheadworks\Affiliate\Model\Campaign\Processor\Condition\Cart</item>
            </argument>
        </arguments>
    </virtualType>

    <type name="Magento\Framework\EntityManager\HydratorPool">
        <arguments>
            <argument name="hydrators" xsi:type="array">
                <item name="Aheadworks\Affiliate\Api\Data\CampaignInterface" xsi:type="string">Aheadworks\Affiliate\Model\ResourceModel\Campaign\Hydrator</item>
            </argument>
        </arguments>
    </type>

    <virtualType name="Aheadworks\Affiliate\Model\Account\Data\Collector\Customer"
                 type="Aheadworks\Affiliate\Model\Account\Data\Collector">
        <arguments>
            <argument name="map" xsi:type="array">
                <item name="id" xsi:type="const">Aheadworks\Affiliate\Api\Data\AccountInterface::CUSTOMER_ID</item>
                <item name="firstname" xsi:type="const">Aheadworks\Affiliate\Api\Data\AccountInterface::FIRSTNAME</item>
                <item name="middlename" xsi:type="const">Aheadworks\Affiliate\Api\Data\AccountInterface::MIDDLENAME</item>
                <item name="lastname" xsi:type="const">Aheadworks\Affiliate\Api\Data\AccountInterface::LASTNAME</item>
                <item name="prefix" xsi:type="const">Aheadworks\Affiliate\Api\Data\AccountInterface::PREFIX</item>
                <item name="suffix" xsi:type="const">Aheadworks\Affiliate\Api\Data\AccountInterface::SUFFIX</item>
                <item name="website_id" xsi:type="const">Aheadworks\Affiliate\Api\Data\AccountInterface::WEBSITE_ID</item>
                <item name="email" xsi:type="const">Aheadworks\Affiliate\Api\Data\AccountInterface::EMAIL</item>
            </argument>
        </arguments>
    </virtualType>

    <virtualType name="Aheadworks\Affiliate\Model\Account\Data\Collector\Signup"
                 type="Aheadworks\Affiliate\Model\Account\Data\Collector">
        <arguments>
            <argument name="map" xsi:type="array">
                <item name="signup_id" xsi:type="const">Aheadworks\Affiliate\Api\Data\AccountInterface::SIGNUP_ID</item>
                <item name="referral_website" xsi:type="const">Aheadworks\Affiliate\Api\Data\AccountInterface::REFERRAL_WEBSITE</item>
            </argument>
        </arguments>
    </virtualType>

    <virtualType name="Aheadworks\Affiliate\Model\Account\Data\Collector\Website"
                 type="Aheadworks\Affiliate\Model\Account\Data\Collector">
        <arguments>
            <argument name="map" xsi:type="array">
                <item name="website_id" xsi:type="const">Aheadworks\Affiliate\Api\Data\AccountInterface::WEBSITE_ID</item>
            </argument>
        </arguments>
    </virtualType>

    <type name="Aheadworks\Affiliate\Controller\Adminhtml\Account\PostDataProcessor\MassCreate\CustomerData">
        <arguments>
            <argument name="customerDataAccountCollector" xsi:type="object">Aheadworks\Affiliate\Model\Account\Data\Collector\Customer</argument>
        </arguments>
    </type>

    <type name="Aheadworks\Affiliate\Model\Signup\AccountCreator\DataCollector">
        <arguments>
            <argument name="collectors" xsi:type="array">
                <item name="customer" xsi:type="object">Aheadworks\Affiliate\Model\Signup\AccountCreator\DataCollector\Customer</item>
                <item name="signup" xsi:type="object">Aheadworks\Affiliate\Model\Signup\AccountCreator\DataCollector\Signup</item>
                <item name="website" xsi:type="object">Aheadworks\Affiliate\Model\Signup\AccountCreator\DataCollector\Website</item>
            </argument>
        </arguments>
    </type>
    <type name="Aheadworks\Affiliate\Model\Signup\AccountCreator\DataCollector\Customer">
        <arguments>
            <argument name="accountDataCollector" xsi:type="object">Aheadworks\Affiliate\Model\Account\Data\Collector\Customer</argument>
        </arguments>
    </type>
    <type name="Aheadworks\Affiliate\Model\Signup\AccountCreator\DataCollector\Signup">
        <arguments>
            <argument name="accountDataCollector" xsi:type="object">Aheadworks\Affiliate\Model\Account\Data\Collector\Signup</argument>
        </arguments>
    </type>
    <type name="Aheadworks\Affiliate\Model\Signup\AccountCreator\DataCollector\Website">
        <arguments>
            <argument name="accountDataCollector" xsi:type="object">Aheadworks\Affiliate\Model\Account\Data\Collector\Website</argument>
        </arguments>
    </type>
    <type name="Aheadworks\Affiliate\Model\Email\ProcessorFactory">
        <arguments>
            <argument name="processors" xsi:type="array">
                <item name="new_signup" xsi:type="string">Aheadworks\Affiliate\Model\Email\Processor\NewSignup</item>
                <item name="signup_approved" xsi:type="string">Aheadworks\Affiliate\Model\Email\Processor\SignupApproved</item>
                <item name="signup_declined" xsi:type="string">Aheadworks\Affiliate\Model\Email\Processor\SignupDeclined</item>
                <item name="new_manual_payout" xsi:type="string">Aheadworks\Affiliate\Model\Email\Processor\NewManualPayout</item>
                <item name="payout_reminder" xsi:type="string">Aheadworks\Affiliate\Model\Email\Processor\PayoutReminder</item>
                <item name="payout_complete" xsi:type="string">Aheadworks\Affiliate\Model\Email\Processor\PayoutComplete</item>
                <item name="payout_canceled" xsi:type="string">Aheadworks\Affiliate\Model\Email\Processor\PayoutCanceled</item>
            </argument>
        </arguments>
    </type>
    <type name="Aheadworks\Affiliate\Model\Email\UrlBuilder">
        <arguments>
            <argument name="urlBuilders" xsi:type="array">
                <item name="frontend" xsi:type="object">Aheadworks\Affiliate\Model\Email\UrlInterface</item>
                <item name="adminhtml" xsi:type="object">Magento\Backend\Model\UrlInterface</item>
            </argument>
        </arguments>
    </type>
    <type name="Aheadworks\Affiliate\Model\Transaction\ProcessorsPool">
        <arguments>
            <argument name="processors" xsi:type="array">
                <item name="base_processor" xsi:type="object">Aheadworks\Affiliate\Model\Transaction\Processor\BaseProcessor</item>
                <item name="commission" xsi:type="object">Aheadworks\Affiliate\Model\Transaction\Processor\Commission</item>
            </argument>
        </arguments>
    </type>
    <type name="Aheadworks\Affiliate\Model\Transaction\Amount\CalculatorsPool">
        <arguments>
            <argument name="calculators" xsi:type="array">
                <item name="base_calculator" xsi:type="object">Aheadworks\Affiliate\Model\Transaction\Amount\Calculator\Base</item>
                <item name="payout" xsi:type="object">Aheadworks\Affiliate\Model\Transaction\Amount\Calculator\Payout</item>
                <item name="commission" xsi:type="object">Aheadworks\Affiliate\Model\Transaction\Amount\Calculator\Commission</item>
            </argument>
        </arguments>
    </type>
    <type name="Aheadworks\Affiliate\Model\Transaction\Comment\Renderer">
        <arguments>
            <argument name="placeholders" xsi:type="array">
                <item name="commission" xsi:type="string">Commission for order item %name(%sku), order %order_id</item>
                <item name="payout" xsi:type="string">New payout ID = %payout_id</item>
            </argument>
            <argument name="argumentProviders" xsi:type="array">
                <item name="commission" xsi:type="object">Aheadworks\Affiliate\Model\Transaction\Comment\ArgumentProvider\Commission</item>
                <item name="payout" xsi:type="object">Aheadworks\Affiliate\Model\Transaction\Comment\ArgumentProvider\Payout</item>
            </argument>
        </arguments>
    </type>
     <type name="Aheadworks\Affiliate\Model\Transaction\Processor\Entity\Provider">
        <arguments>
            <argument name="entityProviders" xsi:type="array">
                <item name="commission" xsi:type="object">Aheadworks\Affiliate\Model\Transaction\Processor\Entity\Provider\Commission</item>
                <item name="payout" xsi:type="object">Aheadworks\Affiliate\Model\Transaction\Processor\Entity\Provider\Payout</item>
            </argument>
        </arguments>
    </type>

    <type name="Aheadworks\Affiliate\Model\Account\Balance\UpdatersPool">
        <arguments>
            <argument name="updaters" xsi:type="array">
                <item name="commission" xsi:type="array">
                    <item name="pending" xsi:type="object">Aheadworks\Affiliate\Model\Account\Balance\Updater\Commission\Pending</item>
                    <item name="complete" xsi:type="object">Aheadworks\Affiliate\Model\Account\Balance\Updater\Commission\Complete</item>
                    <item name="canceled" xsi:type="object">Aheadworks\Affiliate\Model\Account\Balance\Updater\Commission\Canceled</item>
                </item>
                <item name="payout" xsi:type="array">
                    <item name="pending" xsi:type="object">Aheadworks\Affiliate\Model\Account\Balance\Updater\Payout\Pending</item>
                    <item name="complete" xsi:type="object">Aheadworks\Affiliate\Model\Account\Balance\Updater\Payout\Complete</item>
                    <item name="canceled" xsi:type="object">Aheadworks\Affiliate\Model\Account\Balance\Updater\Payout\Canceled</item>
                </item>
                <item name="admin_changes" xsi:type="array">
                    <item name="complete" xsi:type="object">Aheadworks\Affiliate\Model\Account\Balance\Updater\AdminChanges\Complete</item>
                </item>
            </argument>
        </arguments>
    </type>
    
    <type name="Aheadworks\Affiliate\Model\CampaignRepository">
        <arguments>
            <argument name="collectionProcessor" xsi:type="object">Aheadworks\Affiliate\Model\Api\SearchCriteria\CampaignCollectionProcessor</argument>
        </arguments>
    </type>

    <virtualType name="Aheadworks\Affiliate\Model\Api\SearchCriteria\CampaignCollectionProcessor" type="Magento\Framework\Api\SearchCriteria\CollectionProcessor">
        <arguments>
            <argument name="processors" xsi:type="array">
                <item name="filters" xsi:type="object">Aheadworks\Affiliate\Model\Api\SearchCriteria\CampaignCollectionProcessor\CampaignFilterProcessor</item>
                <item name="sorting" xsi:type="object">Magento\Framework\Api\SearchCriteria\CollectionProcessor\SortingProcessor</item>
                <item name="pagination" xsi:type="object">Magento\Framework\Api\SearchCriteria\CollectionProcessor\PaginationProcessor</item>
            </argument>
        </arguments>
    </virtualType>
    <virtualType name="Aheadworks\Affiliate\Model\Api\SearchCriteria\CampaignCollectionProcessor\CampaignFilterProcessor" type="Magento\Framework\Api\SearchCriteria\CollectionProcessor\FilterProcessor">
        <arguments>
            <argument name="customFilters" xsi:type="array">
                <item name="affiliate_group_ids" xsi:type="object">Aheadworks\Affiliate\Model\Api\SearchCriteria\CollectionProcessor\FilterProcessor\Campaign\GroupFilter</item>
            </argument>
        </arguments>
    </virtualType>

    <virtualType name="Aheadworks\Affiliate\Model\Payout\StatusActionsPool" type="Aheadworks\Affiliate\Model\Status\ActionsPool">
        <arguments>
            <argument name="actions" xsi:type="array">
                <item name="pending" xsi:type="object">Aheadworks\Affiliate\Model\Payout\StatusActions\Pending</item>
                <item name="complete" xsi:type="object">Aheadworks\Affiliate\Model\Payout\StatusActions\Complete</item>
                <item name="canceled" xsi:type="object">Aheadworks\Affiliate\Model\Payout\StatusActions\Canceled</item>
            </argument>
        </arguments>
    </virtualType>

    <type name="Aheadworks\Affiliate\Model\Service\PayoutService">
        <arguments>
            <argument name="statusActionsPool" xsi:type="object">Aheadworks\Affiliate\Model\Payout\StatusActionsPool</argument>
        </arguments>
    </type>

    <virtualType name="Aheadworks\Affiliate\Model\Signup\StatusActionsPool" type="Aheadworks\Affiliate\Model\Status\ActionsPool">
        <arguments>
            <argument name="actions" xsi:type="array">
                <item name="1" xsi:type="object">Aheadworks\Affiliate\Model\Signup\StatusActions\Pending</item>
                <item name="2" xsi:type="object">Aheadworks\Affiliate\Model\Signup\StatusActions\Approved</item>
                <item name="3" xsi:type="object">Aheadworks\Affiliate\Model\Signup\StatusActions\Declined</item>
            </argument>
        </arguments>
    </virtualType>

    <type name="Aheadworks\Affiliate\Model\Service\SignupService">
        <arguments>
            <argument name="statusActionsPool" xsi:type="object">Aheadworks\Affiliate\Model\Signup\StatusActionsPool</argument>
        </arguments>
    </type>

    <type name="Magento\Sales\Model\Order">
        <plugin name="aw_aff_order_model_plugin" type="Aheadworks\Affiliate\Plugin\Sales\Model\OrderPlugin" />
    </type>

    <type name="Magento\Sales\Model\ResourceModel\Order\Item">
        <plugin name="aw_aff_order_item_resource_model_plugin" type="Aheadworks\Affiliate\Plugin\Sales\Model\ResourceModel\Order\ItemPlugin" />
    </type>

    <type name="Magento\SalesRule\Model\RulesApplier">
        <plugin name="aw_aff_sale_rule_model_rule_applier_plugin" type="Aheadworks\Affiliate\Plugin\SalesRule\Model\RulesApplierPlugin" />
    </type>

    <virtualType name="Aheadworks\Affiliate\Model\Api\SearchCriteria\CollectionProcessor\TransactionFilterProcessor" type="Magento\Framework\Api\SearchCriteria\CollectionProcessor\FilterProcessor">
        <arguments>
            <argument name="customFilters" xsi:type="array">
                <item name="holding_period_expiration" xsi:type="object">Aheadworks\Affiliate\Model\Api\SearchCriteria\CollectionProcessor\FilterProcessor\Transaction\HoldingPeriodExpirationFilter</item>
            </argument>
        </arguments>
    </virtualType>
    <virtualType name="Aheadworks\Affiliate\Model\Api\SearchCriteria\TransactionCollectionProcessor" type="Magento\Framework\Api\SearchCriteria\CollectionProcessor">
        <arguments>
            <argument name="processors" xsi:type="array">
                <item name="filters" xsi:type="object">Aheadworks\Affiliate\Model\Api\SearchCriteria\CollectionProcessor\TransactionFilterProcessor</item>
                <item name="sorting" xsi:type="object">Magento\Framework\Api\SearchCriteria\CollectionProcessor\SortingProcessor</item>
                <item name="pagination" xsi:type="object">Magento\Framework\Api\SearchCriteria\CollectionProcessor\PaginationProcessor</item>
            </argument>
        </arguments>
    </virtualType>
    <type name="Aheadworks\Affiliate\Model\TransactionRepository">
        <arguments>
            <argument name="collectionProcessor" xsi:type="object">Aheadworks\Affiliate\Model\Api\SearchCriteria\TransactionCollectionProcessor</argument>
        </arguments>
    </type>

    <type name="Aheadworks\Affiliate\Model\PromoData\Quote\Item\Validator\Composite">
        <arguments>
            <argument name="validators" xsi:type="array">
                <item name="campaign" xsi:type="object">Aheadworks\Affiliate\Model\PromoData\Quote\Item\Validator\Campaign</item>
            </argument>
        </arguments>
    </type>

    <type name="Aheadworks\Affiliate\Model\Campaign\Validator\QuoteItem\ChildrenValidationLocator">
        <arguments>
            <argument name="productTypeChildrenValidationMap" xsi:type="array">
                <item name="bundle" xsi:type="boolean">false</item>
            </argument>
        </arguments>
    </type>

    <type name="Aheadworks\Affiliate\Model\Order\Item\Checker\Status">
        <arguments>
            <argument name="statusesToCheckByChildrenItems" xsi:type="array">
                <!-- Magento\Catalog\Model\Product\Type\AbstractType::CALCULATE_PARENT -->
                <item name="1" xsi:type="array">
                    <!-- Magento\Catalog\Model\Product\Type\AbstractType::SHIPMENT_TOGETHER -->
                    <item name="0" xsi:type="array"/>
                    <!-- Magento\Catalog\Model\Product\Type\AbstractType::SHIPMENT_SEPARATELY -->
                    <item name="1" xsi:type="array">
                        <item name="0" xsi:type="const">Magento\Sales\Model\Order\Item::STATUS_SHIPPED</item>
                    </item>
                </item>
                <!-- Magento\Catalog\Model\Product\Type\AbstractType::CALCULATE_CHILD -->
                <item name="0" xsi:type="array">
                    <!-- Magento\Catalog\Model\Product\Type\AbstractType::SHIPMENT_TOGETHER -->
                    <item name="0" xsi:type="array">
                        <!-- all statuses, except STATUS_SHIPPED -->
                        <item name="0" xsi:type="const">Magento\Sales\Model\Order\Item::STATUS_PENDING</item>
                        <item name="1" xsi:type="const">Magento\Sales\Model\Order\Item::STATUS_INVOICED</item>
                        <item name="2" xsi:type="const">Magento\Sales\Model\Order\Item::STATUS_BACKORDERED</item>
                        <item name="3" xsi:type="const">Magento\Sales\Model\Order\Item::STATUS_CANCELED</item>
                        <item name="4" xsi:type="const">Magento\Sales\Model\Order\Item::STATUS_PARTIAL</item>
                        <item name="5" xsi:type="const">Magento\Sales\Model\Order\Item::STATUS_MIXED</item>
                        <item name="6" xsi:type="const">Magento\Sales\Model\Order\Item::STATUS_REFUNDED</item>
                        <item name="7" xsi:type="const">Magento\Sales\Model\Order\Item::STATUS_RETURNED</item>
                    </item>
                    <!-- Magento\Catalog\Model\Product\Type\AbstractType::SHIPMENT_SEPARATELY -->
                    <item name="1" xsi:type="array">
                        <item name="0" xsi:type="const">Magento\Sales\Model\Order\Item::STATUS_PENDING</item>
                        <item name="1" xsi:type="const">Magento\Sales\Model\Order\Item::STATUS_INVOICED</item>
                        <item name="2" xsi:type="const">Magento\Sales\Model\Order\Item::STATUS_BACKORDERED</item>
                        <item name="3" xsi:type="const">Magento\Sales\Model\Order\Item::STATUS_CANCELED</item>
                        <item name="4" xsi:type="const">Magento\Sales\Model\Order\Item::STATUS_PARTIAL</item>
                        <item name="5" xsi:type="const">Magento\Sales\Model\Order\Item::STATUS_MIXED</item>
                        <item name="6" xsi:type="const">Magento\Sales\Model\Order\Item::STATUS_REFUNDED</item>
                        <item name="7" xsi:type="const">Magento\Sales\Model\Order\Item::STATUS_RETURNED</item>
                        <item name="8" xsi:type="const">Magento\Sales\Model\Order\Item::STATUS_SHIPPED</item>
                    </item>
                </item>
            </argument>
        </arguments>
    </type>

    <type name="Aheadworks\Affiliate\Model\ResourceModel\Payout\Grid\Collection">
        <arguments>
            <argument name="mainTable" xsi:type="const">Aheadworks\Affiliate\Model\ResourceModel\Payout::MAIN_TABLE_NAME</argument>
            <argument name="eventPrefix" xsi:type="string">aw_aff_payout_grid_collection</argument>
            <argument name="eventObject" xsi:type="string">payout_grid_collection</argument>
            <argument name="resourceModel" xsi:type="string">Aheadworks\Affiliate\Model\ResourceModel\Payout</argument>
        </arguments>
    </type>
    <type name="Aheadworks\Affiliate\Model\ResourceModel\Transaction\Grid\Collection">
        <arguments>
            <argument name="mainTable" xsi:type="const">Aheadworks\Affiliate\Model\ResourceModel\Transaction::MAIN_TABLE_NAME</argument>
            <argument name="eventPrefix" xsi:type="string">aw_aff_transaction_grid_collection</argument>
            <argument name="eventObject" xsi:type="string">transaction_grid_collection</argument>
            <argument name="resourceModel" xsi:type="string">Aheadworks\Affiliate\Model\ResourceModel\Transaction</argument>
        </arguments>
    </type>
    <type name="Magento\Framework\View\Element\UiComponent\DataProvider\CollectionFactory">
        <arguments>
            <argument name="collections" xsi:type="array">
                <item name="aw_affiliate_payout_listing_data_source" xsi:type="string">Aheadworks\Affiliate\Model\ResourceModel\Payout\Grid\Collection</item>
                <item name="aw_affiliate_transaction_listing_data_source" xsi:type="string">Aheadworks\Affiliate\Model\ResourceModel\Transaction\Grid\Collection</item>
            </argument>
        </arguments>
    </type>

    <type name="Aheadworks\Affiliate\Model\Commission\Calculator\CommissionType\CalculatorsPool">
        <arguments>
            <argument name="calculators" xsi:type="array">
                <!-- Aheadworks\Affiliate\Model\Source\CommissionType::PERCENT -->
                <item name="1" xsi:type="object">Aheadworks\Affiliate\Model\Commission\Calculator\CommissionType\Percent</item>
                <!-- Aheadworks\Affiliate\Model\Source\CommissionType::FIXED -->
                <item name="2" xsi:type="object">Aheadworks\Affiliate\Model\Commission\Calculator\CommissionType\Fixed</item>
            </argument>
        </arguments>
    </type>

    <type name="Aheadworks\Affiliate\Model\Order\Item\Total\Calculator">
        <arguments>
            <argument name="discounts" xsi:type="array">
                <item name="aw_reward_points" xsi:type="string">base_aw_reward_points_amount</item>
                <item name="aw_raf" xsi:type="string">base_aw_raf_amount</item>
                <item name="aw_afptc" xsi:type="string">base_aw_afptc_amount</item>
            </argument>
        </arguments>
    </type>

    <type name="Aheadworks\Affiliate\Block\Adminhtml\Campaign\Edit\Tab\Conditions\Cart\Conditions">
        <arguments>
            <argument name="form" xsi:type="object">Aheadworks\Affiliate\Block\Adminhtml\Campaign\Edit\Tab\Conditions\Cart\Form</argument>
        </arguments>
    </type>

    <type name="Aheadworks\Affiliate\Model\Account\Data\Extractor">
        <arguments>
            <argument name="infoFieldNames" xsi:type="array">
                <item name="0" xsi:type="const">Aheadworks\Affiliate\Api\Data\AccountInterface::REFERRAL_WEBSITE</item>
                <item name="1" xsi:type="const">Aheadworks\Affiliate\Api\Data\AccountInterface::PAYMENT_TYPE</item>
                <item name="2" xsi:type="const">Aheadworks\Affiliate\Api\Data\AccountInterface::PAYMENT_INFO</item>
            </argument>
        </arguments>
    </type>
</config>