<?xml version="1.0" encoding="UTF-8"?>
<config xmlns:xsi="http://www.w3.org/2001/XMLSchema-instance" xsi:noNamespaceSchemaLocation="urn:magento:framework:Event/etc/events.xsd">
    <event name="aheadworks_affiliate_api_data_campaigninterface_save_before">
        <observer name="awAffiliate" instance="Aheadworks\Affiliate\Observer\Magento\SalesRule\UpdateCoupons" />
    </event>
    <event name="aheadworks_affiliate_api_data_campaigninterface_delete_before">
        <observer name="awAffiliate" instance="Aheadworks\Affiliate\Observer\Magento\SalesRule\DeleteCoupons" />
    </event>
    <event name="customer_delete_before">
        <observer name="awAffiliate" instance="Aheadworks\Affiliate\Observer\Magento\Customer\DeleteBefore" />
    </event>
</config>
