<?xml version="1.0"?>
<config xmlns:xsi="http://www.w3.org/2001/XMLSchema-instance"
        xsi:noNamespaceSchemaLocation="urn:magento:framework:Api/etc/extension_attributes.xsd">
    <extension_attributes for="Magento\Sales\Api\Data\OrderItemInterface">
        <attribute code="aw_aff_campaign_id" type="int" />
        <attribute code="aw_aff_account_id" type="int" />
        <attribute code="aw_aff_traffic_source" type="string" />
    </extension_attributes>
    <extension_attributes for="Magento\Catalog\Api\Data\ProductRenderInterface">
        <attribute code="aw_aff_campaign_id" type="int" />
        <attribute code="aw_aff_formatted_commission_value" type="string" />
    </extension_attributes>
</config>
