<?xml version="1.0"?>
<routes xmlns:xsi="http://www.w3.org/2001/XMLSchema-instance"
        xsi:noNamespaceSchemaLocation="urn:magento:module:Magento_Webapi:etc/webapi.xsd">
    <!-- Affiliate Account -->
    <route url="/V1/awAffAccount/updateInfo/:accountId" method="PUT">
        <service class="Aheadworks\Affiliate\Api\AccountManagementInterface" method="updateAccount"/>
        <resources>
            <resource ref="self"/>
        </resources>
    </route>
    <route url="/V1/awAffAccount/updateByAdmin/:accountId" method="PUT">
        <service class="Aheadworks\Affiliate\Api\AccountManagementInterface" method="updateAccount"/>
        <resources>
            <resource ref="Aheadworks_Affiliate::accounts"/>
        </resources>
    </route>
    <route url="/V1/awAffAccount/get/:accountId" method="GET">
        <service class="Aheadworks\Affiliate\Api\AccountRepositoryInterface" method="getById"/>
        <resources>
            <resource ref="self"/>
        </resources>
    </route>
    <route url="/V1/awAffAccount/list" method="GET">
        <service class="Aheadworks\Affiliate\Api\AccountRepositoryInterface" method="getList"/>
        <resources>
            <resource ref="Aheadworks_Affiliate::accounts"/>
        </resources>
    </route>
    <route url="/V1/awAffAccount/getForAdmin/:accountId" method="GET">
        <service class="Aheadworks\Affiliate\Api\AccountRepositoryInterface" method="getById"/>
        <resources>
            <resource ref="Aheadworks_Affiliate::accounts"/>
        </resources>
    </route>
    <route url="/V1/awAffAccount/getByCustomer" method="GET">
        <service class="Aheadworks\Affiliate\Api\AccountRepositoryInterface" method="getByCustomerId"/>
        <resources>
            <resource ref="self"/>
        </resources>
    </route>

    <!-- Affiliate Group -->
    <route url="/V1/awAffAffiliateGroup/list" method="GET">
        <service class="Aheadworks\Affiliate\Api\AffiliateGroupRepositoryInterface" method="getList"/>
        <resources>
            <resource ref="Aheadworks_Affiliate::affiliate_groups"/>
        </resources>
    </route>
    <route url="/V1/awAffAffiliateGroup/get/:affiliateGroupId" method="GET">
        <service class="Aheadworks\Affiliate\Api\AffiliateGroupRepositoryInterface" method="getById"/>
        <resources>
            <resource ref="self"/>
        </resources>
    </route>
    <route url="/V1/awAffAffiliateGroup/getForAdmin/:affiliateGroupId" method="GET">
        <service class="Aheadworks\Affiliate\Api\AffiliateGroupRepositoryInterface" method="getById"/>
        <resources>
            <resource ref="Aheadworks_Affiliate::affiliate_groups"/>
        </resources>
    </route>
    <route url="/V1/awAffAffiliateGroup/create" method="POST">
        <service class="Aheadworks\Affiliate\Api\AffiliateGroupRepositoryInterface" method="save"/>
        <resources>
            <resource ref="Aheadworks_Affiliate::affiliate_groups"/>
        </resources>
    </route>
    <route url="/V1/awAffAffiliateGroup/update/:affiliateGroupId" method="PUT">
        <service class="Aheadworks\Affiliate\Api\AffiliateGroupRepositoryInterface" method="save"/>
        <resources>
            <resource ref="Aheadworks_Affiliate::affiliate_groups"/>
        </resources>
    </route>
    <route url="/V1/awAffAffiliateGroup/delete" method="POST">
        <service class="Aheadworks\Affiliate\Api\AffiliateGroupRepositoryInterface" method="delete"/>
        <resources>
            <resource ref="Aheadworks_Affiliate::affiliate_groups"/>
        </resources>
    </route>

    <!-- Affiliate Campaign -->
    <route url="/V1/awAffCampaign/create" method="POST">
        <service class="Aheadworks\Affiliate\Api\CampaignManagementInterface" method="createCampaign"/>
        <resources>
            <resource ref="Aheadworks_Affiliate::campaigns"/>
        </resources>
    </route>
    <route url="/V1/awAffCampaign/update/:campaignId" method="PUT">
        <service class="Aheadworks\Affiliate\Api\CampaignManagementInterface" method="updateCampaign"/>
        <resources>
            <resource ref="Aheadworks_Affiliate::campaigns"/>
        </resources>
    </route>
    <route url="/V1/awAffCampaign/deleteById/:campaignId" method="DELETE">
        <service class="Aheadworks\Affiliate\Api\CampaignManagementInterface" method="deleteCampaignById"/>
        <resources>
            <resource ref="Aheadworks_Affiliate::campaigns"/>
        </resources>
    </route>
    <route url="/V1/awAffCampaign/get/:campaignId" method="GET">
        <service class="Aheadworks\Affiliate\Api\CampaignRepositoryInterface" method="getById"/>
        <resources>
            <resource ref="self"/>
        </resources>
    </route>
    <route url="/V1/awAffCampaign/getForAdmin/:campaignId" method="GET">
        <service class="Aheadworks\Affiliate\Api\CampaignRepositoryInterface" method="getById"/>
        <resources>
            <resource ref="Aheadworks_Affiliate::campaigns"/>
        </resources>
    </route>
    <route url="/V1/awAffCampaign/listForAdmin" method="GET">
        <service class="Aheadworks\Affiliate\Api\CampaignRepositoryInterface" method="getList"/>
        <resources>
            <resource ref="Aheadworks_Affiliate::campaigns"/>
        </resources>
    </route>
    <route url="/V1/awAffCampaign/list" method="GET">
        <service class="Aheadworks\Affiliate\Api\CampaignRepositoryInterface" method="getList"/>
        <resources>
            <resource ref="self"/>
        </resources>
    </route>

    <!-- Affiliate Coupon -->
    <route url="/V1/awAffCoupon/generate" method="GET">
        <service class="Aheadworks\Affiliate\Api\CouponManagementInterface" method="generateCouponCode"/>
        <resources>
            <resource ref="self"/>
        </resources>
    </route>

    <!-- Affiliate Payout -->
    <route url="/V1/awAffPayout/create" method="POST">
        <service class="Aheadworks\Affiliate\Api\PayoutManagementInterface" method="createPayoutForAffiliate"/>
        <resources>
            <resource ref="self"/>
        </resources>
    </route>
    <route url="/V1/awAffPayout/process/:payoutId" method="GET">
        <service class="Aheadworks\Affiliate\Api\PayoutManagementInterface" method="processPayout"/>
        <resources>
            <resource ref="Aheadworks_Affiliate::payouts"/>
        </resources>
    </route>
    <route url="/V1/awAffPayout/complete/:payoutId" method="GET">
        <service class="Aheadworks\Affiliate\Api\PayoutManagementInterface" method="completePayout"/>
        <resources>
            <resource ref="Aheadworks_Affiliate::payouts"/>
        </resources>
    </route>
    <route url="/V1/awAffPayout/cancel/:payoutId" method="GET">
        <service class="Aheadworks\Affiliate\Api\PayoutManagementInterface" method="cancelPayout"/>
        <resources>
            <resource ref="Aheadworks_Affiliate::payouts"/>
        </resources>
    </route>
    <route url="/V1/awAffPayout/get/:payoutId" method="GET">
        <service class="Aheadworks\Affiliate\Api\PayoutRepositoryInterface" method="getById"/>
        <resources>
            <resource ref="Aheadworks_Affiliate::payouts"/>
        </resources>
    </route>
    <route url="/V1/awAffPayout/listForAdmin" method="GET">
        <service class="Aheadworks\Affiliate\Api\PayoutRepositoryInterface" method="getList"/>
        <resources>
            <resource ref="Aheadworks_Affiliate::payouts"/>
        </resources>
    </route>
    <route url="/V1/awAffPayout/list" method="GET">
        <service class="Aheadworks\Affiliate\Api\PayoutRepositoryInterface" method="getList"/>
        <resources>
            <resource ref="self"/>
        </resources>
    </route>

    <!-- Affiliate Promo Link -->
    <route url="/V1/awAffPromoLink/generate" method="POST">
        <service class="Aheadworks\Affiliate\Api\PromoLinkManagementInterface" method="generateLink"/>
        <resources>
            <resource ref="self"/>
        </resources>
    </route>

    <!-- Affiliate Signup -->
    <route url="/V1/awAffSignup/create" method="POST">
        <service class="Aheadworks\Affiliate\Api\SignupManagementInterface" method="createSignup"/>
        <resources>
            <resource ref="self"/>
        </resources>
    </route>
    <route url="/V1/awAffSignup/approve/:signupId" method="GET">
        <service class="Aheadworks\Affiliate\Api\SignupManagementInterface" method="approveSignup"/>
        <resources>
            <resource ref="Aheadworks_Affiliate::signups"/>
        </resources>
    </route>
    <route url="/V1/awAffSignup/decline/:signupId" method="GET">
        <service class="Aheadworks\Affiliate\Api\SignupManagementInterface" method="declineSignup"/>
        <resources>
            <resource ref="Aheadworks_Affiliate::signups"/>
        </resources>
    </route>
    <route url="/V1/awAffSignup/deleteById/:signupId" method="DELETE">
        <service class="Aheadworks\Affiliate\Api\SignupManagementInterface" method="deleteSignupById"/>
        <resources>
            <resource ref="Aheadworks_Affiliate::signups"/>
        </resources>
    </route>
    <route url="/V1/awAffSignup/get/:signupId" method="GET">
        <service class="Aheadworks\Affiliate\Api\SignupRepositoryInterface" method="getById"/>
        <resources>
            <resource ref="Aheadworks_Affiliate::signups"/>
        </resources>
    </route>
    <route url="/V1/awAffSignup/list" method="GET">
        <service class="Aheadworks\Affiliate\Api\SignupRepositoryInterface" method="getList"/>
        <resources>
            <resource ref="Aheadworks_Affiliate::signups"/>
        </resources>
    </route>

    <!-- Transaction -->
    <route url="/V1/awAffTransaction/listForAdmin" method="GET">
        <service class="Aheadworks\Affiliate\Api\TransactionRepositoryInterface" method="getList"/>
        <resources>
            <resource ref="Aheadworks_Affiliate::transactions"/>
        </resources>
    </route>
    <route url="/V1/awAffTransaction/list" method="GET">
        <service class="Aheadworks\Affiliate\Api\TransactionRepositoryInterface" method="getList"/>
        <resources>
            <resource ref="self"/>
        </resources>
    </route>
    <route url="/V1/awAffTransaction/get/:transactionId" method="GET">
        <service class="Aheadworks\Affiliate\Api\TransactionRepositoryInterface" method="getById"/>
        <resources>
            <resource ref="Aheadworks_Affiliate::transactions"/>
        </resources>
    </route>

    <!-- Affiliate Account Balance -->
    <route url="/V1/awAffAccountBalance/getForAdmin/:accountId" method="GET">
        <service class="Aheadworks\Affiliate\Api\AccountBalanceManagementInterface" method="getBalance"/>
        <resources>
            <resource ref="Aheadworks_Affiliate::accounts"/>
        </resources>
    </route>
</routes>