<?xml version="1.0"?>
<config xmlns:xsi="http://www.w3.org/2001/XMLSchema-instance" xsi:noNamespaceSchemaLocation="urn:magento:module:Magento_Config:etc/system_file.xsd">
    <system>
        <tab id="mageants" translate="label" sortOrder="100">
            <label>Mageants</label>
        </tab>
        <section id="product_labels" translate="label" type="text" sortOrder="100" showInDefault="1" showInWebsite="1" showInStore="1">
            <label>Product Labels</label>
            <tab>mageants</tab>
            <resource>Mageants_ProductLabels::mageants_productlabels</resource>
            <group id="general" translate="label" type="text" sortOrder="10" showInDefault="1" showInWebsite="1" showInStore="1">
                <label>General Options</label>
                <field id="enable" translate="label" type="select" sortOrder="10" showInDefault="1" showInWebsite="1" showInStore="1">
                    <label>Enable</label>
                    <source_model>Magento\Config\Model\Config\Source\Yesno</source_model>
                </field>
                
		    </group>
			<group id="onsale" translate="label" type="text" sortOrder="20" showInDefault="1" showInWebsite="1" showInStore="1">
				
                <label>On Sale Condition</label>
				
                <field id="minamount" translate="label" type="text" sortOrder="10" showInDefault="1" showInWebsite="1" showInStore="1">
                    <label>Minimal discount amount</label>
                     <validate>validate-number</validate>
                </field>
                <field id="minper" translate="label" type="text" sortOrder="20" showInDefault="1" showInWebsite="1" showInStore="1">
                    <label>Minimal discount percentage</label>
                     <validate>validate-number validate-number-range number-range-0-100</validate>
                </field>
                <field id="rouding_discount" translate="label" type="select" sortOrder="30" showInDefault="1" showInWebsite="1" showInStore="1">
                    <label>Rounding of discount percentage</label>
                    <source_model>Mageants\ProductLabels\Model\Config\Source\Round</source_model>
                </field>
			</group>
			<group id="isnew" translate="label" type="select" sortOrder="30" showInDefault="1" showInWebsite="1" showInStore="1">
				 <label>`Is New` Condition</label>
				 	<field id="useisnewcondition" translate="label" type="select" sortOrder="10" showInDefault="1" showInWebsite="1" showInStore="1">
						<label>Use `New from Date` and `New to Date`</label>
                        <source_model>Magento\Config\Model\Config\Source\Yesno</source_model>					
                    </field>	
                    <field id="isnewdate" translate="label" type="select" sortOrder="20" showInDefault="1" showInWebsite="1" showInStore="1">
                        <label>Use `Creation Date`</label>
                       <source_model>Magento\Config\Model\Config\Source\Yesno</source_model>
                    </field>    
			</group> 
        </section>
    </system>
</config>