<?xml version="1.0"?>
<config xmlns:xsi="http://www.w3.org/2001/XMLSchema-instance" xsi:noNamespaceSchemaLocation="urn:magento:framework:Event/etc/events.xsd">
    <event name="catalog_product_save_after">
    	<observer name="store_view_pricing_save" instance="Mageants\StoreViewPricing\Observer\Saveprice" />
    </event>
    <event name="catalog_product_edit_action">
    	<observer name="store_view_pricing" instance="Mageants\StoreViewPricing\Observer\Productview" />
    </event>
    <event name="catalog_product_get_final_price">
    	<observer name="store_view_final_pricing" instance="Mageants\StoreViewPricing\Observer\Productprice" />
     </event>
</config>
